rows,nullable,op,implementation,sample,iterations,ns_per_batch
8192,false,and,fused_before,0,4000,402.646
8192,false,and,arrow_composed,0,4000,389.521
8192,false,and,df_arrow_kleene,0,4000,531.490
8192,false,and,df_arrow_kleene,1,4000,541.240
8192,false,and,arrow_composed,1,4000,401.948
8192,false,and,fused_before,1,4000,414.521
8192,false,and,fused_before,2,4000,413.250
8192,false,and,arrow_composed,2,4000,393.458
8192,false,and,df_arrow_kleene,2,4000,665.938
8192,false,and,df_arrow_kleene,3,4000,535.031
8192,false,and,arrow_composed,3,4000,393.740
8192,false,and,fused_before,3,4000,423.833
8192,false,and,fused_before,4,4000,405.834
8192,false,and,arrow_composed,4,4000,401.271
8192,false,and,df_arrow_kleene,4,4000,555.406
8192,false,and,df_arrow_kleene,5,4000,558.031
8192,false,and,arrow_composed,5,4000,396.188
8192,false,and,fused_before,5,4000,414.990
8192,false,and,fused_before,6,4000,407.854
8192,false,and,arrow_composed,6,4000,388.833
8192,false,and,df_arrow_kleene,6,4000,568.094
8192,false,and,df_arrow_kleene,7,4000,530.677
8192,false,and,arrow_composed,7,4000,406.802
8192,false,and,fused_before,7,4000,415.531
8192,false,and,fused_before,8,4000,414.219
8192,false,and,arrow_composed,8,4000,425.375
8192,false,and,df_arrow_kleene,8,4000,551.552
8192,false,or,fused_before,0,4000,375.604
8192,false,or,arrow_composed,0,4000,361.167
8192,false,or,df_arrow_kleene,0,4000,524.792
8192,false,or,df_arrow_kleene,1,4000,538.031
8192,false,or,arrow_composed,1,4000,382.615
8192,false,or,fused_before,1,4000,367.604
8192,false,or,fused_before,2,4000,365.323
8192,false,or,arrow_composed,2,4000,360.490
8192,false,or,df_arrow_kleene,2,4000,534.073
8192,false,or,df_arrow_kleene,3,4000,540.948
8192,false,or,arrow_composed,3,4000,363.344
8192,false,or,fused_before,3,4000,369.302
8192,false,or,fused_before,4,4000,372.625
8192,false,or,arrow_composed,4,4000,367.250
8192,false,or,df_arrow_kleene,4,4000,537.719
8192,false,or,df_arrow_kleene,5,4000,564.979
8192,false,or,arrow_composed,5,4000,383.823
8192,false,or,fused_before,5,4000,378.521
8192,false,or,fused_before,6,4000,383.417
8192,false,or,arrow_composed,6,4000,370.021
8192,false,or,df_arrow_kleene,6,4000,668.000
8192,false,or,df_arrow_kleene,7,4000,543.427
8192,false,or,arrow_composed,7,4000,363.146
8192,false,or,fused_before,7,4000,375.646
8192,false,or,fused_before,8,4000,383.458
8192,false,or,arrow_composed,8,4000,794.635
8192,false,or,df_arrow_kleene,8,4000,565.229
8192,true,and,fused_before,0,4000,1066.479
8192,true,and,arrow_composed,0,4000,1498.344
8192,true,and,df_arrow_kleene,0,4000,1646.458
8192,true,and,df_arrow_kleene,1,4000,1566.833
8192,true,and,arrow_composed,1,4000,1399.677
8192,true,and,fused_before,1,4000,1070.719
8192,true,and,fused_before,2,4000,1862.198
8192,true,and,arrow_composed,2,4000,1393.760
8192,true,and,df_arrow_kleene,2,4000,1605.833
8192,true,and,df_arrow_kleene,3,4000,1600.448
8192,true,and,arrow_composed,3,4000,1381.552
8192,true,and,fused_before,3,4000,972.458
8192,true,and,fused_before,4,4000,1007.219
8192,true,and,arrow_composed,4,4000,1353.552
8192,true,and,df_arrow_kleene,4,4000,1598.927
8192,true,and,df_arrow_kleene,5,4000,1613.062
8192,true,and,arrow_composed,5,4000,1407.708
8192,true,and,fused_before,5,4000,1025.614
8192,true,and,fused_before,6,4000,1037.292
8192,true,and,arrow_composed,6,4000,1415.656
8192,true,and,df_arrow_kleene,6,4000,1639.614
8192,true,and,df_arrow_kleene,7,4000,1596.521
8192,true,and,arrow_composed,7,4000,1469.177
8192,true,and,fused_before,7,4000,992.490
8192,true,and,fused_before,8,4000,1052.406
8192,true,and,arrow_composed,8,4000,1394.229
8192,true,and,df_arrow_kleene,8,4000,1670.531
8192,true,or,fused_before,0,4000,989.177
8192,true,or,arrow_composed,0,4000,1406.573
8192,true,or,df_arrow_kleene,0,4000,1638.761
8192,true,or,df_arrow_kleene,1,4000,1621.948
8192,true,or,arrow_composed,1,4000,1375.406
8192,true,or,fused_before,1,4000,1029.396
8192,true,or,fused_before,2,4000,990.125
8192,true,or,arrow_composed,2,4000,1391.771
8192,true,or,df_arrow_kleene,2,4000,1599.386
8192,true,or,df_arrow_kleene,3,4000,1580.688
8192,true,or,arrow_composed,3,4000,1365.302
8192,true,or,fused_before,3,4000,987.792
8192,true,or,fused_before,4,4000,958.812
8192,true,or,arrow_composed,4,4000,1388.312
8192,true,or,df_arrow_kleene,4,4000,1584.667
8192,true,or,df_arrow_kleene,5,4000,1565.375
8192,true,or,arrow_composed,5,4000,1411.458
8192,true,or,fused_before,5,4000,986.646
8192,true,or,fused_before,6,4000,994.885
8192,true,or,arrow_composed,6,4000,1404.854
8192,true,or,df_arrow_kleene,6,4000,1577.812
8192,true,or,df_arrow_kleene,7,4000,1597.833
8192,true,or,arrow_composed,7,4000,1388.333
8192,true,or,fused_before,7,4000,962.521
8192,true,or,fused_before,8,4000,994.177
8192,true,or,arrow_composed,8,4000,1386.875
8192,true,or,df_arrow_kleene,8,4000,1586.979
65536,false,and,fused_before,0,500,1543.500
65536,false,and,arrow_composed,0,500,1516.334
65536,false,and,df_arrow_kleene,0,500,1583.750
65536,false,and,df_arrow_kleene,1,500,1580.500
65536,false,and,arrow_composed,1,500,1602.916
65536,false,and,fused_before,1,500,1544.334
65536,false,and,fused_before,2,500,1562.166
65536,false,and,arrow_composed,2,500,1555.168
65536,false,and,df_arrow_kleene,2,500,1557.168
65536,false,and,df_arrow_kleene,3,500,1688.416
65536,false,and,arrow_composed,3,500,1624.500
65536,false,and,fused_before,3,500,1536.750
65536,false,and,fused_before,4,500,1510.000
65536,false,and,arrow_composed,4,500,1516.166
65536,false,and,df_arrow_kleene,4,500,1678.750
65536,false,and,df_arrow_kleene,5,500,1597.000
65536,false,and,arrow_composed,5,500,1488.834
65536,false,and,fused_before,5,500,1498.416
65536,false,and,fused_before,6,500,1498.500
65536,false,and,arrow_composed,6,500,1490.000
65536,false,and,df_arrow_kleene,6,500,1558.834
65536,false,and,df_arrow_kleene,7,500,1593.668
65536,false,and,arrow_composed,7,500,1488.750
65536,false,and,fused_before,7,500,1498.250
65536,false,and,fused_before,8,500,1530.584
65536,false,and,arrow_composed,8,500,1488.666
65536,false,and,df_arrow_kleene,8,500,1654.168
65536,false,or,fused_before,0,500,1389.416
65536,false,or,arrow_composed,0,500,1382.166
65536,false,or,df_arrow_kleene,0,500,1598.832
65536,false,or,df_arrow_kleene,1,500,1709.582
65536,false,or,arrow_composed,1,500,1457.666
65536,false,or,fused_before,1,500,1414.916
65536,false,or,fused_before,2,500,1407.416
65536,false,or,arrow_composed,2,500,1405.666
65536,false,or,df_arrow_kleene,2,500,1621.168
65536,false,or,df_arrow_kleene,3,500,1613.000
65536,false,or,arrow_composed,3,500,1386.834
65536,false,or,fused_before,3,500,1397.334
65536,false,or,fused_before,4,500,1390.166
65536,false,or,arrow_composed,4,500,1386.918
65536,false,or,df_arrow_kleene,4,500,1733.250
65536,false,or,df_arrow_kleene,5,500,1683.916
65536,false,or,arrow_composed,5,500,1386.334
65536,false,or,fused_before,5,500,1438.834
65536,false,or,fused_before,6,500,1396.332
65536,false,or,arrow_composed,6,500,1436.084
65536,false,or,df_arrow_kleene,6,500,1676.834
65536,false,or,df_arrow_kleene,7,500,1577.416
65536,false,or,arrow_composed,7,500,1391.584
65536,false,or,fused_before,7,500,1386.584
65536,false,or,fused_before,8,500,1390.834
65536,false,or,arrow_composed,8,500,1386.084
65536,false,or,df_arrow_kleene,8,500,1577.750
65536,true,and,fused_before,0,500,6438.500
65536,true,and,arrow_composed,0,500,5605.250
65536,true,and,df_arrow_kleene,0,500,8264.082
65536,true,and,df_arrow_kleene,1,500,8263.500
65536,true,and,arrow_composed,1,500,5391.666
65536,true,and,fused_before,1,500,6623.750
65536,true,and,fused_before,2,500,6448.750
65536,true,and,arrow_composed,2,500,5363.166
65536,true,and,df_arrow_kleene,2,500,8007.332
65536,true,and,df_arrow_kleene,3,500,7791.666
65536,true,and,arrow_composed,3,500,5366.000
65536,true,and,fused_before,3,500,6520.666
65536,true,and,fused_before,4,500,6513.916
65536,true,and,arrow_composed,4,500,5560.084
65536,true,and,df_arrow_kleene,4,500,7881.834
65536,true,and,df_arrow_kleene,5,500,8264.834
65536,true,and,arrow_composed,5,500,5390.916
65536,true,and,fused_before,5,500,6302.084
65536,true,and,fused_before,6,500,6706.750
65536,true,and,arrow_composed,6,500,5409.000
65536,true,and,df_arrow_kleene,6,500,8160.166
65536,true,and,df_arrow_kleene,7,500,8029.834
65536,true,and,arrow_composed,7,500,5882.584
65536,true,and,fused_before,7,500,6439.082
65536,true,and,fused_before,8,500,6432.750
65536,true,and,arrow_composed,8,500,5410.666
65536,true,and,df_arrow_kleene,8,500,7830.332
65536,true,or,fused_before,0,500,6547.000
65536,true,or,arrow_composed,0,500,5275.750
65536,true,or,df_arrow_kleene,0,500,7841.834
65536,true,or,df_arrow_kleene,1,500,7962.000
65536,true,or,arrow_composed,1,500,5307.832
65536,true,or,fused_before,1,500,6613.584
65536,true,or,fused_before,2,500,6468.500
65536,true,or,arrow_composed,2,500,5629.500
65536,true,or,df_arrow_kleene,2,500,8014.000
65536,true,or,df_arrow_kleene,3,500,8017.084
65536,true,or,arrow_composed,3,500,5313.500
65536,true,or,fused_before,3,500,6258.584
65536,true,or,fused_before,4,500,6618.582
65536,true,or,arrow_composed,4,500,5281.666
65536,true,or,df_arrow_kleene,4,500,7743.750
65536,true,or,df_arrow_kleene,5,500,8126.832
65536,true,or,arrow_composed,5,500,5474.250
65536,true,or,fused_before,5,500,6608.500
65536,true,or,fused_before,6,500,6455.416
65536,true,or,arrow_composed,6,500,5404.334
65536,true,or,df_arrow_kleene,6,500,8118.582
65536,true,or,df_arrow_kleene,7,500,8314.084
65536,true,or,arrow_composed,7,500,5346.084
65536,true,or,fused_before,7,500,6219.668
65536,true,or,fused_before,8,500,6476.334
65536,true,or,arrow_composed,8,500,5252.668
65536,true,or,df_arrow_kleene,8,500,7726.250
