process,build,workload,threads,sample,first_engine,datafusion_ms,roc_ms
1,old-pr4,scan_only,1,1,datafusion,104.769375,109.531583
1,old-pr4,scan_only,1,2,roc,105.843084,111.138584
1,old-pr4,scan_only,1,3,datafusion,105.098708,106.5
1,old-pr4,scan_only,1,4,roc,109.006833,111.499042
1,old-pr4,scan_only,1,5,datafusion,107.429875,107.119458
1,old-pr4,scan_only,1,6,roc,108.478584,109.864667
1,old-pr4,scan_only,1,7,datafusion,108.589625,107.73349999999999
1,old-pr4,scan_only,1,8,roc,109.07820799999999,107.825208
1,old-pr4,scan_only,1,9,datafusion,109.695417,106.849167
1,old-pr4,scan_only,1,10,roc,106.712875,105.416209
1,old-pr4,filter_project,1,1,datafusion,98.81495799999999,107.55479199999999
1,old-pr4,filter_project,1,2,roc,100.2315,107.947958
1,old-pr4,filter_project,1,3,datafusion,98.813916,105.0535
1,old-pr4,filter_project,1,4,roc,103.638833,108.140833
1,old-pr4,filter_project,1,5,datafusion,99.913083,104.802916
1,old-pr4,filter_project,1,6,roc,103.42325,105.695791
1,old-pr4,filter_project,1,7,datafusion,103.97854199999999,106.102
1,old-pr4,filter_project,1,8,roc,100.13362500000001,105.61149999999999
1,old-pr4,filter_project,1,9,datafusion,103.072583,107.127709
1,old-pr4,filter_project,1,10,roc,99.740542,106.577167
1,old-pr4,global_aggregate,1,1,datafusion,39.25525,69.096375
1,old-pr4,global_aggregate,1,2,roc,38.836667,69.582625
1,old-pr4,global_aggregate,1,3,datafusion,41.201042,73.85075
1,old-pr4,global_aggregate,1,4,roc,39.144999999999996,71.315958
1,old-pr4,global_aggregate,1,5,datafusion,38.568625000000004,68.499416
1,old-pr4,global_aggregate,1,6,roc,37.837875,67.963042
1,old-pr4,global_aggregate,1,7,datafusion,38.494,69.647625
1,old-pr4,global_aggregate,1,8,roc,40.456083,71.872542
1,old-pr4,global_aggregate,1,9,datafusion,40.372208,69.379875
1,old-pr4,global_aggregate,1,10,roc,38.236375,68.69937499999999
1,old-pr4,grouped_aggregate,1,1,datafusion,72.689875,153.876084
1,old-pr4,grouped_aggregate,1,2,roc,70.22137500000001,152.05025
1,old-pr4,grouped_aggregate,1,3,datafusion,73.340541,154.78549999999998
1,old-pr4,grouped_aggregate,1,4,roc,69.939291,152.8505
1,old-pr4,grouped_aggregate,1,5,datafusion,71.36308299999999,158.268
1,old-pr4,grouped_aggregate,1,6,roc,70.22175,153.69
1,old-pr4,grouped_aggregate,1,7,datafusion,70.925167,157.28816600000002
1,old-pr4,grouped_aggregate,1,8,roc,71.055667,153.57762499999998
1,old-pr4,grouped_aggregate,1,9,datafusion,70.602833,155.808792
1,old-pr4,grouped_aggregate,1,10,roc,72.17504199999999,159.209958
1,old-pr4,scan_only,4,1,datafusion,30.898208999999998,28.852541
1,old-pr4,scan_only,4,2,roc,30.89225,28.956625
1,old-pr4,scan_only,4,3,datafusion,30.96525,29.214042
1,old-pr4,scan_only,4,4,roc,31.663083,29.600375000000003
1,old-pr4,scan_only,4,5,datafusion,31.43725,29.174708
1,old-pr4,scan_only,4,6,roc,30.947667000000003,29.270541
1,old-pr4,scan_only,4,7,datafusion,31.058791,28.904166
1,old-pr4,scan_only,4,8,roc,30.793959,29.08375
1,old-pr4,scan_only,4,9,datafusion,30.926916,28.48525
1,old-pr4,scan_only,4,10,roc,31.004958,29.093833
1,old-pr4,filter_project,4,1,datafusion,29.397792,29.09825
1,old-pr4,filter_project,4,2,roc,29.93875,29.657708000000003
1,old-pr4,filter_project,4,3,datafusion,29.548000000000002,29.458375
1,old-pr4,filter_project,4,4,roc,29.504334,29.531042
1,old-pr4,filter_project,4,5,datafusion,31.562417000000003,29.249792
1,old-pr4,filter_project,4,6,roc,28.986874999999998,28.86025
1,old-pr4,filter_project,4,7,datafusion,28.991584,28.946917
1,old-pr4,filter_project,4,8,roc,29.634958,29.033958
1,old-pr4,filter_project,4,9,datafusion,29.217084,28.977334
1,old-pr4,filter_project,4,10,roc,30.110833,29.657291999999998
1,old-pr4,global_aggregate,4,1,datafusion,11.541209,18.753708
1,old-pr4,global_aggregate,4,2,roc,11.254791,18.661707999999997
1,old-pr4,global_aggregate,4,3,datafusion,11.268042000000001,18.740166
1,old-pr4,global_aggregate,4,4,roc,11.090542,18.665791000000002
1,old-pr4,global_aggregate,4,5,datafusion,11.129166,18.651625000000003
1,old-pr4,global_aggregate,4,6,roc,11.15625,18.481375
1,old-pr4,global_aggregate,4,7,datafusion,11.151583,18.659291000000003
1,old-pr4,global_aggregate,4,8,roc,11.377125,18.862459
1,old-pr4,global_aggregate,4,9,datafusion,11.121042,18.769167
1,old-pr4,global_aggregate,4,10,roc,11.414375,18.611458000000002
1,old-pr4,grouped_aggregate,4,1,datafusion,20.792499999999997,41.691458
1,old-pr4,grouped_aggregate,4,2,roc,20.594459,41.511542
1,old-pr4,grouped_aggregate,4,3,datafusion,20.536834,41.040333
1,old-pr4,grouped_aggregate,4,4,roc,20.511666,41.086875
1,old-pr4,grouped_aggregate,4,5,datafusion,20.352417000000003,40.652583
1,old-pr4,grouped_aggregate,4,6,roc,20.857457999999998,41.277958
1,old-pr4,grouped_aggregate,4,7,datafusion,21.024082999999997,42.821125
1,old-pr4,grouped_aggregate,4,8,roc,20.960959000000003,41.617000000000004
1,old-pr4,grouped_aggregate,4,9,datafusion,20.411375,41.823958000000005
1,old-pr4,grouped_aggregate,4,10,roc,20.675375,41.755542
1,new-pr4,scan_only,1,1,datafusion,107.334708,106.449833
1,new-pr4,scan_only,1,2,roc,109.36291700000001,109.52733400000001
1,new-pr4,scan_only,1,3,datafusion,109.976792,109.801125
1,new-pr4,scan_only,1,4,roc,108.68175,107.821416
1,new-pr4,scan_only,1,5,datafusion,108.33850000000001,106.5185
1,new-pr4,scan_only,1,6,roc,108.178209,105.988083
1,new-pr4,scan_only,1,7,datafusion,110.523792,106.57975
1,new-pr4,scan_only,1,8,roc,105.10583299999999,105.29724999999999
1,new-pr4,scan_only,1,9,datafusion,108.498291,109.42183399999999
1,new-pr4,scan_only,1,10,roc,105.866959,107.393542
1,new-pr4,filter_project,1,1,datafusion,98.694958,104.702792
1,new-pr4,filter_project,1,2,roc,103.076292,106.005875
1,new-pr4,filter_project,1,3,datafusion,104.475917,109.796458
1,new-pr4,filter_project,1,4,roc,106.933292,109.304666
1,new-pr4,filter_project,1,5,datafusion,105.533333,110.866959
1,new-pr4,filter_project,1,6,roc,108.270375,110.1475
1,new-pr4,filter_project,1,7,datafusion,108.934291,109.418625
1,new-pr4,filter_project,1,8,roc,102.36308299999999,109.332166
1,new-pr4,filter_project,1,9,datafusion,103.234875,109.556167
1,new-pr4,filter_project,1,10,roc,105.233916,109.72595799999999
1,new-pr4,global_aggregate,1,1,datafusion,40.754833,70.791458
1,new-pr4,global_aggregate,1,2,roc,39.787625,71.424
1,new-pr4,global_aggregate,1,3,datafusion,40.232375,69.65637500000001
1,new-pr4,global_aggregate,1,4,roc,40.0415,69.74862499999999
1,new-pr4,global_aggregate,1,5,datafusion,40.070959,69.692959
1,new-pr4,global_aggregate,1,6,roc,40.515375,69.929083
1,new-pr4,global_aggregate,1,7,datafusion,39.88075,70.906875
1,new-pr4,global_aggregate,1,8,roc,40.759833,70.481375
1,new-pr4,global_aggregate,1,9,datafusion,40.681959,69.8305
1,new-pr4,global_aggregate,1,10,roc,39.118334,70.52254199999999
1,new-pr4,grouped_aggregate,1,1,datafusion,72.86666699999999,152.105417
1,new-pr4,grouped_aggregate,1,2,roc,70.42937500000001,149.747792
1,new-pr4,grouped_aggregate,1,3,datafusion,71.71950000000001,153.80741700000002
1,new-pr4,grouped_aggregate,1,4,roc,71.21950000000001,148.821292
1,new-pr4,grouped_aggregate,1,5,datafusion,71.524792,154.987875
1,new-pr4,grouped_aggregate,1,6,roc,72.03354200000001,152.909334
1,new-pr4,grouped_aggregate,1,7,datafusion,71.89545799999999,154.000125
1,new-pr4,grouped_aggregate,1,8,roc,70.441875,151.637
1,new-pr4,grouped_aggregate,1,9,datafusion,70.22912500000001,149.639167
1,new-pr4,grouped_aggregate,1,10,roc,71.15125,152.309916
1,new-pr4,scan_only,4,1,datafusion,30.585458,28.512958
1,new-pr4,scan_only,4,2,roc,30.594459,28.524291
1,new-pr4,scan_only,4,3,datafusion,30.830958,29.002083000000002
1,new-pr4,scan_only,4,4,roc,31.142667,29.083667000000002
1,new-pr4,scan_only,4,5,datafusion,31.194792,29.240708
1,new-pr4,scan_only,4,6,roc,31.686167,29.569667000000003
1,new-pr4,scan_only,4,7,datafusion,31.096792,29.078542
1,new-pr4,scan_only,4,8,roc,31.110209,28.770208
1,new-pr4,scan_only,4,9,datafusion,30.269000000000002,28.714834000000003
1,new-pr4,scan_only,4,10,roc,30.600125,28.664292
1,new-pr4,filter_project,4,1,datafusion,28.964875,29.112166
1,new-pr4,filter_project,4,2,roc,29.689958999999998,29.977541
1,new-pr4,filter_project,4,3,datafusion,29.549709,30.169
1,new-pr4,filter_project,4,4,roc,30.314375000000002,30.137417
1,new-pr4,filter_project,4,5,datafusion,29.733292000000002,29.204375000000002
1,new-pr4,filter_project,4,6,roc,29.065709,29.266333
1,new-pr4,filter_project,4,7,datafusion,29.106334,29.258709
1,new-pr4,filter_project,4,8,roc,29.336875,29.207875
1,new-pr4,filter_project,4,9,datafusion,29.273667,29.269625
1,new-pr4,filter_project,4,10,roc,29.2925,29.475749999999998
1,new-pr4,global_aggregate,4,1,datafusion,11.255916,18.955834000000003
1,new-pr4,global_aggregate,4,2,roc,11.289792,18.859
1,new-pr4,global_aggregate,4,3,datafusion,11.32375,18.737625
1,new-pr4,global_aggregate,4,4,roc,11.162459,18.686792
1,new-pr4,global_aggregate,4,5,datafusion,11.273791,18.687333
1,new-pr4,global_aggregate,4,6,roc,11.524875,18.842667
1,new-pr4,global_aggregate,4,7,datafusion,11.432042,18.488
1,new-pr4,global_aggregate,4,8,roc,11.218666,18.797083
1,new-pr4,global_aggregate,4,9,datafusion,11.363833,18.657375000000002
1,new-pr4,global_aggregate,4,10,roc,11.503417,18.593417000000002
1,new-pr4,grouped_aggregate,4,1,datafusion,20.736625,40.543042
1,new-pr4,grouped_aggregate,4,2,roc,20.541917,40.737
1,new-pr4,grouped_aggregate,4,3,datafusion,20.581584,39.96325
1,new-pr4,grouped_aggregate,4,4,roc,20.730042,40.383084
1,new-pr4,grouped_aggregate,4,5,datafusion,20.650374999999997,39.49275
1,new-pr4,grouped_aggregate,4,6,roc,20.333125,39.618417
1,new-pr4,grouped_aggregate,4,7,datafusion,20.266375,40.188583
1,new-pr4,grouped_aggregate,4,8,roc,20.783834000000002,40.848917
1,new-pr4,grouped_aggregate,4,9,datafusion,20.691041000000002,39.934208999999996
1,new-pr4,grouped_aggregate,4,10,roc,20.681166,40.480458
1,new-final,scan_only,1,1,datafusion,112.062333,110.48279099999999
1,new-final,scan_only,1,2,roc,107.14325,109.479709
1,new-final,scan_only,1,3,datafusion,105.961083,106.319209
1,new-final,scan_only,1,4,roc,110.216542,108.84508299999999
1,new-final,scan_only,1,5,datafusion,106.314334,106.202958
1,new-final,scan_only,1,6,roc,109.56845799999999,106.234958
1,new-final,scan_only,1,7,datafusion,108.417875,106.538875
1,new-final,scan_only,1,8,roc,107.79604099999999,105.834542
1,new-final,scan_only,1,9,datafusion,108.926625,107.77725000000001
1,new-final,scan_only,1,10,roc,105.274167,105.462125
1,new-final,filter_project,1,1,datafusion,100.355583,101.37341699999999
1,new-final,filter_project,1,2,roc,103.64754099999999,102.882167
1,new-final,filter_project,1,3,datafusion,102.133875,101.817083
1,new-final,filter_project,1,4,roc,102.462208,101.475042
1,new-final,filter_project,1,5,datafusion,105.02374999999999,99.74058299999999
1,new-final,filter_project,1,6,roc,98.80979199999999,100.617167
1,new-final,filter_project,1,7,datafusion,102.323,102.110583
1,new-final,filter_project,1,8,roc,99.304959,99.482917
1,new-final,filter_project,1,9,datafusion,99.010667,102.766542
1,new-final,filter_project,1,10,roc,99.56070799999999,103.149792
1,new-final,global_aggregate,1,1,datafusion,38.888084000000006,41.360084
1,new-final,global_aggregate,1,2,roc,39.161292,41.608209
1,new-final,global_aggregate,1,3,datafusion,38.052833,39.398167
1,new-final,global_aggregate,1,4,roc,38.325584000000006,40.027833
1,new-final,global_aggregate,1,5,datafusion,38.493375,39.170833
1,new-final,global_aggregate,1,6,roc,39.372499999999995,39.461499999999994
1,new-final,global_aggregate,1,7,datafusion,39.333208,40.863167
1,new-final,global_aggregate,1,8,roc,40.342125,41.044542
1,new-final,global_aggregate,1,9,datafusion,38.41475,39.694708000000006
1,new-final,global_aggregate,1,10,roc,37.974459,39.461291
1,new-final,grouped_aggregate,1,1,datafusion,70.255084,71.224541
1,new-final,grouped_aggregate,1,2,roc,71.99558400000001,70.86099999999999
1,new-final,grouped_aggregate,1,3,datafusion,72.67570900000001,73.387042
1,new-final,grouped_aggregate,1,4,roc,69.984375,71.200916
1,new-final,grouped_aggregate,1,5,datafusion,70.25516599999999,72.528334
1,new-final,grouped_aggregate,1,6,roc,72.282167,73.43704199999999
1,new-final,grouped_aggregate,1,7,datafusion,71.86675,71.832167
1,new-final,grouped_aggregate,1,8,roc,71.621416,72.159833
1,new-final,grouped_aggregate,1,9,datafusion,71.531625,73.75975
1,new-final,grouped_aggregate,1,10,roc,72.928375,72.65375
1,new-final,scan_only,4,1,datafusion,31.065666,28.624875
1,new-final,scan_only,4,2,roc,30.617708,29.331875
1,new-final,scan_only,4,3,datafusion,30.818333,28.742083
1,new-final,scan_only,4,4,roc,30.563167,28.715457999999998
1,new-final,scan_only,4,5,datafusion,30.674833,29.368875
1,new-final,scan_only,4,6,roc,31.493709000000003,29.194000000000003
1,new-final,scan_only,4,7,datafusion,31.320291,29.130583
1,new-final,scan_only,4,8,roc,31.11825,28.991
1,new-final,scan_only,4,9,datafusion,30.587,29.081959
1,new-final,scan_only,4,10,roc,30.74425,28.952167
1,new-final,filter_project,4,1,datafusion,28.936416,27.8545
1,new-final,filter_project,4,2,roc,28.953125,27.767625
1,new-final,filter_project,4,3,datafusion,29.033458000000003,28.227292000000002
1,new-final,filter_project,4,4,roc,30.039292,27.70975
1,new-final,filter_project,4,5,datafusion,29.620583,27.856916
1,new-final,filter_project,4,6,roc,29.148875,27.757291
1,new-final,filter_project,4,7,datafusion,29.381207999999997,27.496
1,new-final,filter_project,4,8,roc,29.096666,27.250041999999997
1,new-final,filter_project,4,9,datafusion,28.980083,27.344209000000003
1,new-final,filter_project,4,10,roc,28.8725,27.692708
1,new-final,global_aggregate,4,1,datafusion,11.392625,11.257709
1,new-final,global_aggregate,4,2,roc,11.606666,11.285833
1,new-final,global_aggregate,4,3,datafusion,11.603250000000001,11.290417
1,new-final,global_aggregate,4,4,roc,11.684167,11.144791
1,new-final,global_aggregate,4,5,datafusion,11.759125000000001,11.16875
1,new-final,global_aggregate,4,6,roc,11.453583,11.455917
1,new-final,global_aggregate,4,7,datafusion,11.484582999999999,11.19
1,new-final,global_aggregate,4,8,roc,11.325125,10.968042
1,new-final,global_aggregate,4,9,datafusion,11.06525,10.887167
1,new-final,global_aggregate,4,10,roc,11.130958,10.957042
1,new-final,grouped_aggregate,4,1,datafusion,20.42075,19.441958
1,new-final,grouped_aggregate,4,2,roc,20.655625,19.423
1,new-final,grouped_aggregate,4,3,datafusion,20.223042,19.445125
1,new-final,grouped_aggregate,4,4,roc,20.703291,19.417125
1,new-final,grouped_aggregate,4,5,datafusion,20.739583,19.971375
1,new-final,grouped_aggregate,4,6,roc,20.330750000000002,19.525042
1,new-final,grouped_aggregate,4,7,datafusion,20.436167,19.518834
1,new-final,grouped_aggregate,4,8,roc,20.4125,19.601457999999997
1,new-final,grouped_aggregate,4,9,datafusion,20.693875000000002,19.549625000000002
1,new-final,grouped_aggregate,4,10,roc,20.703375,19.413667
2,old-pr4,scan_only,1,1,datafusion,107.07112500000001,105.735333
2,old-pr4,scan_only,1,2,roc,107.41612500000001,109.227458
2,old-pr4,scan_only,1,3,datafusion,105.71254200000001,105.496083
2,old-pr4,scan_only,1,4,roc,108.75966700000001,105.829667
2,old-pr4,scan_only,1,5,datafusion,107.874791,105.02520799999999
2,old-pr4,scan_only,1,6,roc,106.789167,105.030666
2,old-pr4,scan_only,1,7,datafusion,108.204833,109.40216699999999
2,old-pr4,scan_only,1,8,roc,105.634417,105.916042
2,old-pr4,scan_only,1,9,datafusion,109.85737499999999,108.78858299999999
2,old-pr4,scan_only,1,10,roc,105.95075,108.44833299999999
2,old-pr4,filter_project,1,1,datafusion,99.962792,104.10391700000001
2,old-pr4,filter_project,1,2,roc,102.846333,107.22175
2,old-pr4,filter_project,1,3,datafusion,100.13641700000001,157.935042
2,old-pr4,filter_project,1,4,roc,103.383959,105.358541
2,old-pr4,filter_project,1,5,datafusion,103.92783299999999,104.577875
2,old-pr4,filter_project,1,6,roc,100.277833,103.70412499999999
2,old-pr4,filter_project,1,7,datafusion,103.20174999999999,108.821375
2,old-pr4,filter_project,1,8,roc,98.696417,105.746959
2,old-pr4,filter_project,1,9,datafusion,101.252167,108.789167
2,old-pr4,filter_project,1,10,roc,98.606166,106.256083
2,old-pr4,global_aggregate,1,1,datafusion,38.049625,69.003833
2,old-pr4,global_aggregate,1,2,roc,37.92475,68.338459
2,old-pr4,global_aggregate,1,3,datafusion,38.188958,69.689875
2,old-pr4,global_aggregate,1,4,roc,40.132584,70.628417
2,old-pr4,global_aggregate,1,5,datafusion,40.306709000000005,69.78287499999999
2,old-pr4,global_aggregate,1,6,roc,39.0295,69.862375
2,old-pr4,global_aggregate,1,7,datafusion,38.594625,69.352791
2,old-pr4,global_aggregate,1,8,roc,38.823,69.95470800000001
2,old-pr4,global_aggregate,1,9,datafusion,39.340541,71.642625
2,old-pr4,global_aggregate,1,10,roc,39.475375,69.78045800000001
2,old-pr4,grouped_aggregate,1,1,datafusion,73.730042,155.095875
2,old-pr4,grouped_aggregate,1,2,roc,69.971333,154.21775
2,old-pr4,grouped_aggregate,1,3,datafusion,70.19791599999999,159.277792
2,old-pr4,grouped_aggregate,1,4,roc,69.33024999999999,154.27658399999999
2,old-pr4,grouped_aggregate,1,5,datafusion,70.480584,156.88870899999998
2,old-pr4,grouped_aggregate,1,6,roc,69.997666,155.577375
2,old-pr4,grouped_aggregate,1,7,datafusion,70.00608299999999,156.377042
2,old-pr4,grouped_aggregate,1,8,roc,70.2155,154.974041
2,old-pr4,grouped_aggregate,1,9,datafusion,69.393417,152.802458
2,old-pr4,grouped_aggregate,1,10,roc,70.103125,158.2025
2,old-pr4,scan_only,4,1,datafusion,31.594833,29.527917000000002
2,old-pr4,scan_only,4,2,roc,31.179,29.57875
2,old-pr4,scan_only,4,3,datafusion,31.238249999999997,28.916959
2,old-pr4,scan_only,4,4,roc,31.052209,29.206834
2,old-pr4,scan_only,4,5,datafusion,31.594749999999998,29.41575
2,old-pr4,scan_only,4,6,roc,31.280958999999996,29.126292000000003
2,old-pr4,scan_only,4,7,datafusion,31.326167,29.282249999999998
2,old-pr4,scan_only,4,8,roc,30.465333,29.133042
2,old-pr4,scan_only,4,9,datafusion,30.701791999999998,29.4675
2,old-pr4,scan_only,4,10,roc,31.183708,29.038917
2,old-pr4,filter_project,4,1,datafusion,29.307083000000002,29.023375
2,old-pr4,filter_project,4,2,roc,29.910084,28.822209
2,old-pr4,filter_project,4,3,datafusion,30.145000000000003,29.434667
2,old-pr4,filter_project,4,4,roc,29.8775,28.808542
2,old-pr4,filter_project,4,5,datafusion,29.937875,28.853042
2,old-pr4,filter_project,4,6,roc,28.897792,28.772916
2,old-pr4,filter_project,4,7,datafusion,29.361541000000003,28.999292
2,old-pr4,filter_project,4,8,roc,29.332833,28.872708
2,old-pr4,filter_project,4,9,datafusion,29.274792,29.16225
2,old-pr4,filter_project,4,10,roc,29.172,29.102667
2,old-pr4,global_aggregate,4,1,datafusion,11.414708000000001,19.186042
2,old-pr4,global_aggregate,4,2,roc,11.402167,19.08125
2,old-pr4,global_aggregate,4,3,datafusion,11.795167000000001,18.920084
2,old-pr4,global_aggregate,4,4,roc,11.513833,18.557875000000003
2,old-pr4,global_aggregate,4,5,datafusion,11.157167000000001,18.778333
2,old-pr4,global_aggregate,4,6,roc,11.400125000000001,18.657041999999997
2,old-pr4,global_aggregate,4,7,datafusion,11.095209,18.656709
2,old-pr4,global_aggregate,4,8,roc,11.265333,18.567125
2,old-pr4,global_aggregate,4,9,datafusion,10.97025,18.445458000000002
2,old-pr4,global_aggregate,4,10,roc,11.08375,18.747125
2,old-pr4,grouped_aggregate,4,1,datafusion,20.942791999999997,41.162458
2,old-pr4,grouped_aggregate,4,2,roc,20.52,41.027833
2,old-pr4,grouped_aggregate,4,3,datafusion,20.375917,40.622125000000004
2,old-pr4,grouped_aggregate,4,4,roc,20.185917,40.063042
2,old-pr4,grouped_aggregate,4,5,datafusion,20.132875000000002,40.476459
2,old-pr4,grouped_aggregate,4,6,roc,20.234042000000002,40.494167
2,old-pr4,grouped_aggregate,4,7,datafusion,20.193334,41.247291999999995
2,old-pr4,grouped_aggregate,4,8,roc,21.015875,41.109291999999996
2,old-pr4,grouped_aggregate,4,9,datafusion,20.490917,42.060041999999996
2,old-pr4,grouped_aggregate,4,10,roc,20.382667,41.445375
2,new-pr4,scan_only,1,1,datafusion,112.036333,105.763625
2,new-pr4,scan_only,1,2,roc,105.116792,104.471958
2,new-pr4,scan_only,1,3,datafusion,111.839834,109.75945800000001
2,new-pr4,scan_only,1,4,roc,104.996584,105.546333
2,new-pr4,scan_only,1,5,datafusion,108.253667,108.003625
2,new-pr4,scan_only,1,6,roc,106.98366700000001,107.305958
2,new-pr4,scan_only,1,7,datafusion,106.991833,108.97779200000001
2,new-pr4,scan_only,1,8,roc,107.99675,109.068125
2,new-pr4,scan_only,1,9,datafusion,108.030875,109.401292
2,new-pr4,scan_only,1,10,roc,107.5135,108.27704200000001
2,new-pr4,filter_project,1,1,datafusion,101.711209,105.675083
2,new-pr4,filter_project,1,2,roc,98.256167,105.192833
2,new-pr4,filter_project,1,3,datafusion,100.919875,108.482042
2,new-pr4,filter_project,1,4,roc,99.0,106.25675
2,new-pr4,filter_project,1,5,datafusion,98.726041,107.95575000000001
2,new-pr4,filter_project,1,6,roc,99.313917,109.327708
2,new-pr4,filter_project,1,7,datafusion,97.44666600000001,106.670792
2,new-pr4,filter_project,1,8,roc,101.53637499999999,108.491041
2,new-pr4,filter_project,1,9,datafusion,98.76579100000001,105.435959
2,new-pr4,filter_project,1,10,roc,102.25379199999999,106.563834
2,new-pr4,global_aggregate,1,1,datafusion,38.697292000000004,68.969375
2,new-pr4,global_aggregate,1,2,roc,39.437708,68.57529199999999
2,new-pr4,global_aggregate,1,3,datafusion,38.788042000000004,68.57075
2,new-pr4,global_aggregate,1,4,roc,39.164958,68.53566699999999
2,new-pr4,global_aggregate,1,5,datafusion,39.400709,68.31445799999999
2,new-pr4,global_aggregate,1,6,roc,39.133084,69.514708
2,new-pr4,global_aggregate,1,7,datafusion,40.225249999999996,69.1115
2,new-pr4,global_aggregate,1,8,roc,38.002083999999996,67.66037499999999
2,new-pr4,global_aggregate,1,9,datafusion,37.687667,66.598125
2,new-pr4,global_aggregate,1,10,roc,39.136625,67.359875
2,new-pr4,grouped_aggregate,1,1,datafusion,70.645083,147.42875
2,new-pr4,grouped_aggregate,1,2,roc,72.134042,152.092875
2,new-pr4,grouped_aggregate,1,3,datafusion,71.02825,149.60483299999999
2,new-pr4,grouped_aggregate,1,4,roc,71.366833,152.667
2,new-pr4,grouped_aggregate,1,5,datafusion,72.67750000000001,147.625625
2,new-pr4,grouped_aggregate,1,6,roc,71.78512500000001,148.95208300000002
2,new-pr4,grouped_aggregate,1,7,datafusion,72.09125,151.219417
2,new-pr4,grouped_aggregate,1,8,roc,70.359625,150.121333
2,new-pr4,grouped_aggregate,1,9,datafusion,72.777791,152.244709
2,new-pr4,grouped_aggregate,1,10,roc,70.99604099999999,155.95891600000002
2,new-pr4,scan_only,4,1,datafusion,30.744291999999998,28.686708000000003
2,new-pr4,scan_only,4,2,roc,31.572042000000003,29.302833
2,new-pr4,scan_only,4,3,datafusion,31.176875,29.623541
2,new-pr4,scan_only,4,4,roc,30.750959,29.33075
2,new-pr4,scan_only,4,5,datafusion,30.882583,28.832167
2,new-pr4,scan_only,4,6,roc,30.676584,28.630291
2,new-pr4,scan_only,4,7,datafusion,30.940915999999998,28.514542
2,new-pr4,scan_only,4,8,roc,30.7505,29.098625
2,new-pr4,scan_only,4,9,datafusion,30.702125,28.781958
2,new-pr4,scan_only,4,10,roc,31.454749999999997,29.362416
2,new-pr4,filter_project,4,1,datafusion,29.655583999999998,30.1125
2,new-pr4,filter_project,4,2,roc,29.126541999999997,29.315541
2,new-pr4,filter_project,4,3,datafusion,29.126291,29.11575
2,new-pr4,filter_project,4,4,roc,29.07575,29.333374999999997
2,new-pr4,filter_project,4,5,datafusion,29.02325,29.314334000000002
2,new-pr4,filter_project,4,6,roc,29.223166,29.078416
2,new-pr4,filter_project,4,7,datafusion,29.137125,29.611459
2,new-pr4,filter_project,4,8,roc,29.806583,30.229584
2,new-pr4,filter_project,4,9,datafusion,29.903875,29.977792
2,new-pr4,filter_project,4,10,roc,29.813333,29.854208
2,new-pr4,global_aggregate,4,1,datafusion,11.145458,18.362582999999997
2,new-pr4,global_aggregate,4,2,roc,11.116083,19.187417
2,new-pr4,global_aggregate,4,3,datafusion,11.008666999999999,18.391417
2,new-pr4,global_aggregate,4,4,roc,11.075083,18.165541
2,new-pr4,global_aggregate,4,5,datafusion,11.025041,18.643417
2,new-pr4,global_aggregate,4,6,roc,11.406375,18.341832999999998
2,new-pr4,global_aggregate,4,7,datafusion,11.151042,18.219167000000002
2,new-pr4,global_aggregate,4,8,roc,11.665625,18.819125
2,new-pr4,global_aggregate,4,9,datafusion,11.715875,18.830125
2,new-pr4,global_aggregate,4,10,roc,11.618292,18.8595
2,new-pr4,grouped_aggregate,4,1,datafusion,20.517625000000002,39.386334000000005
2,new-pr4,grouped_aggregate,4,2,roc,20.406416,39.612375
2,new-pr4,grouped_aggregate,4,3,datafusion,20.247167,40.13625
2,new-pr4,grouped_aggregate,4,4,roc,21.012415999999998,39.830791
2,new-pr4,grouped_aggregate,4,5,datafusion,20.823708,40.859917
2,new-pr4,grouped_aggregate,4,6,roc,20.785542,40.5495
2,new-pr4,grouped_aggregate,4,7,datafusion,20.909042,40.573
2,new-pr4,grouped_aggregate,4,8,roc,20.711875000000003,40.282708
2,new-pr4,grouped_aggregate,4,9,datafusion,20.722875000000002,40.551333
2,new-pr4,grouped_aggregate,4,10,roc,20.601667,39.484708
2,new-final,scan_only,1,1,datafusion,105.96300000000001,105.366875
2,new-final,scan_only,1,2,roc,107.582,110.231708
2,new-final,scan_only,1,3,datafusion,105.708208,104.560583
2,new-final,scan_only,1,4,roc,109.31845799999999,106.152542
2,new-final,scan_only,1,5,datafusion,106.77041700000001,105.85745800000001
2,new-final,scan_only,1,6,roc,107.702875,105.663959
2,new-final,scan_only,1,7,datafusion,109.51991699999999,106.502
2,new-final,scan_only,1,8,roc,107.56687500000001,106.269583
2,new-final,scan_only,1,9,datafusion,109.308084,110.544833
2,new-final,scan_only,1,10,roc,107.390625,108.654042
2,new-final,filter_project,1,1,datafusion,99.28741600000001,98.939666
2,new-final,filter_project,1,2,roc,102.560542,99.136791
2,new-final,filter_project,1,3,datafusion,102.227458,99.108917
2,new-final,filter_project,1,4,roc,98.716584,98.777541
2,new-final,filter_project,1,5,datafusion,105.83225,101.529666
2,new-final,filter_project,1,6,roc,98.09495799999999,99.19875
2,new-final,filter_project,1,7,datafusion,99.288416,103.14145900000001
2,new-final,filter_project,1,8,roc,98.251708,100.455041
2,new-final,filter_project,1,9,datafusion,97.793041,99.646875
2,new-final,filter_project,1,10,roc,102.065333,103.348916
2,new-final,global_aggregate,1,1,datafusion,38.141666,41.639375
2,new-final,global_aggregate,1,2,roc,39.563167,40.91375
2,new-final,global_aggregate,1,3,datafusion,40.011832999999996,39.919125
2,new-final,global_aggregate,1,4,roc,37.803917,39.473375
2,new-final,global_aggregate,1,5,datafusion,38.045750000000005,39.636458
2,new-final,global_aggregate,1,6,roc,38.778958,39.707958000000005
2,new-final,global_aggregate,1,7,datafusion,39.176750000000006,40.744625
2,new-final,global_aggregate,1,8,roc,39.240583,40.570125
2,new-final,global_aggregate,1,9,datafusion,40.088542,41.042291
2,new-final,global_aggregate,1,10,roc,39.445665999999996,40.536417
2,new-final,grouped_aggregate,1,1,datafusion,70.199833,71.209917
2,new-final,grouped_aggregate,1,2,roc,69.632,70.738459
2,new-final,grouped_aggregate,1,3,datafusion,72.328959,72.435959
2,new-final,grouped_aggregate,1,4,roc,70.070208,73.200958
2,new-final,grouped_aggregate,1,5,datafusion,69.559625,70.496458
2,new-final,grouped_aggregate,1,6,roc,72.582416,70.279125
2,new-final,grouped_aggregate,1,7,datafusion,71.63320900000001,72.484375
2,new-final,grouped_aggregate,1,8,roc,69.3555,71.46912499999999
2,new-final,grouped_aggregate,1,9,datafusion,69.217292,70.463084
2,new-final,grouped_aggregate,1,10,roc,71.641334,73.26299999999999
2,new-final,scan_only,4,1,datafusion,31.632458000000003,28.864041
2,new-final,scan_only,4,2,roc,30.952707999999998,28.569333
2,new-final,scan_only,4,3,datafusion,30.483041999999998,28.62025
2,new-final,scan_only,4,4,roc,30.667625,29.262084
2,new-final,scan_only,4,5,datafusion,30.939625,28.879208
2,new-final,scan_only,4,6,roc,31.254125000000002,29.33775
2,new-final,scan_only,4,7,datafusion,31.607000000000003,29.338666
2,new-final,scan_only,4,8,roc,32.011583,29.542416
2,new-final,scan_only,4,9,datafusion,32.355542,29.662709
2,new-final,scan_only,4,10,roc,31.992624999999997,29.472915999999998
2,new-final,filter_project,4,1,datafusion,29.178375,27.736832999999997
2,new-final,filter_project,4,2,roc,29.734666,27.555166
2,new-final,filter_project,4,3,datafusion,29.410124999999997,27.257917
2,new-final,filter_project,4,4,roc,29.175125,27.375833
2,new-final,filter_project,4,5,datafusion,29.695334,28.080791
2,new-final,filter_project,4,6,roc,29.549209,28.069833
2,new-final,filter_project,4,7,datafusion,29.108458,27.7355
2,new-final,filter_project,4,8,roc,29.046875,27.731166
2,new-final,filter_project,4,9,datafusion,29.495459,27.925915999999997
2,new-final,filter_project,4,10,roc,29.222416000000003,27.475334
2,new-final,global_aggregate,4,1,datafusion,11.368333,10.936292
2,new-final,global_aggregate,4,2,roc,11.298124999999999,11.121167
2,new-final,global_aggregate,4,3,datafusion,11.326666000000001,11.14425
2,new-final,global_aggregate,4,4,roc,11.499208000000001,11.252125
2,new-final,global_aggregate,4,5,datafusion,11.469167,11.195125
2,new-final,global_aggregate,4,6,roc,11.385,10.973082999999999
2,new-final,global_aggregate,4,7,datafusion,11.195958000000001,10.883584
2,new-final,global_aggregate,4,8,roc,11.352542,10.913167
2,new-final,global_aggregate,4,9,datafusion,11.389958,11.242583
2,new-final,global_aggregate,4,10,roc,11.458292,11.204583000000001
2,new-final,grouped_aggregate,4,1,datafusion,20.192917,19.223125
2,new-final,grouped_aggregate,4,2,roc,20.369625,19.243875
2,new-final,grouped_aggregate,4,3,datafusion,20.311125,19.170416999999997
2,new-final,grouped_aggregate,4,4,roc,20.273375,19.208583
2,new-final,grouped_aggregate,4,5,datafusion,20.355249999999998,19.218791999999997
2,new-final,grouped_aggregate,4,6,roc,20.586334,19.489165999999997
2,new-final,grouped_aggregate,4,7,datafusion,20.793333,19.494417
2,new-final,grouped_aggregate,4,8,roc,20.390915999999997,19.692125
2,new-final,grouped_aggregate,4,9,datafusion,20.380499999999998,19.559041999999998
2,new-final,grouped_aggregate,4,10,roc,20.333333,19.489666
3,old-pr4,scan_only,1,1,datafusion,117.83,106.166625
3,old-pr4,scan_only,1,2,roc,105.54245900000001,105.464542
3,old-pr4,scan_only,1,3,datafusion,110.630417,106.16520899999999
3,old-pr4,scan_only,1,4,roc,106.23975,107.95775
3,old-pr4,scan_only,1,5,datafusion,107.370125,108.599791
3,old-pr4,scan_only,1,6,roc,107.711917,106.67174999999999
3,old-pr4,scan_only,1,7,datafusion,106.932875,109.355417
3,old-pr4,scan_only,1,8,roc,106.13987499999999,108.258834
3,old-pr4,scan_only,1,9,datafusion,104.327208,105.88779199999999
3,old-pr4,scan_only,1,10,roc,106.864583,108.701542
3,old-pr4,filter_project,1,1,datafusion,101.593959,107.556292
3,old-pr4,filter_project,1,2,roc,98.680875,104.496417
3,old-pr4,filter_project,1,3,datafusion,100.91979099999999,108.43112500000001
3,old-pr4,filter_project,1,4,roc,98.591459,104.811166
3,old-pr4,filter_project,1,5,datafusion,98.41825,107.346417
3,old-pr4,filter_project,1,6,roc,103.23450000000001,108.240792
3,old-pr4,filter_project,1,7,datafusion,98.455709,105.443334
3,old-pr4,filter_project,1,8,roc,101.748667,107.219292
3,old-pr4,filter_project,1,9,datafusion,98.93329200000001,105.857958
3,old-pr4,filter_project,1,10,roc,101.855,106.011583
3,old-pr4,global_aggregate,1,1,datafusion,38.979791,70.296625
3,old-pr4,global_aggregate,1,2,roc,40.479333,70.248084
3,old-pr4,global_aggregate,1,3,datafusion,39.485125000000004,68.944166
3,old-pr4,global_aggregate,1,4,roc,38.059999999999995,68.854834
3,old-pr4,global_aggregate,1,5,datafusion,37.690083,68.593459
3,old-pr4,global_aggregate,1,6,roc,38.867791,70.100792
3,old-pr4,global_aggregate,1,7,datafusion,39.840709000000004,70.319958
3,old-pr4,global_aggregate,1,8,roc,39.08725,68.66870899999999
3,old-pr4,global_aggregate,1,9,datafusion,37.983584,68.44987499999999
3,old-pr4,global_aggregate,1,10,roc,39.032125,68.34899999999999
3,old-pr4,grouped_aggregate,1,1,datafusion,70.301333,167.81733300000002
3,old-pr4,grouped_aggregate,1,2,roc,71.3095,172.207792
3,old-pr4,grouped_aggregate,1,3,datafusion,70.491958,169.624958
3,old-pr4,grouped_aggregate,1,4,roc,71.735208,173.349
3,old-pr4,grouped_aggregate,1,5,datafusion,70.341209,171.3535
3,old-pr4,grouped_aggregate,1,6,roc,72.484917,169.849375
3,old-pr4,grouped_aggregate,1,7,datafusion,70.357791,170.135542
3,old-pr4,grouped_aggregate,1,8,roc,72.683333,168.2275
3,old-pr4,grouped_aggregate,1,9,datafusion,71.786625,169.773583
3,old-pr4,grouped_aggregate,1,10,roc,72.281083,168.731583
3,old-pr4,scan_only,4,1,datafusion,31.138875,29.450167
3,old-pr4,scan_only,4,2,roc,30.986083,29.010875
3,old-pr4,scan_only,4,3,datafusion,30.923166,29.323667
3,old-pr4,scan_only,4,4,roc,30.910375000000002,28.825042
3,old-pr4,scan_only,4,5,datafusion,30.586792000000003,28.821583
3,old-pr4,scan_only,4,6,roc,31.470917,29.233458
3,old-pr4,scan_only,4,7,datafusion,31.821666999999998,29.267999999999997
3,old-pr4,scan_only,4,8,roc,31.603083999999996,29.527167
3,old-pr4,scan_only,4,9,datafusion,31.118083000000002,29.121583
3,old-pr4,scan_only,4,10,roc,30.937541999999997,29.161875000000002
3,old-pr4,filter_project,4,1,datafusion,29.052459,28.761416
3,old-pr4,filter_project,4,2,roc,29.372916999999998,29.378208
3,old-pr4,filter_project,4,3,datafusion,29.506209,28.514208
3,old-pr4,filter_project,4,4,roc,30.103833,29.132125
3,old-pr4,filter_project,4,5,datafusion,29.856875000000002,29.380833
3,old-pr4,filter_project,4,6,roc,30.325542000000002,29.6675
3,old-pr4,filter_project,4,7,datafusion,28.820208,28.869333
3,old-pr4,filter_project,4,8,roc,29.301333,29.187667
3,old-pr4,filter_project,4,9,datafusion,29.161125,28.711875000000003
3,old-pr4,filter_project,4,10,roc,29.053709,28.949040999999998
3,old-pr4,global_aggregate,4,1,datafusion,11.317959,19.190959
3,old-pr4,global_aggregate,4,2,roc,11.730042,19.06525
3,old-pr4,global_aggregate,4,3,datafusion,11.571125,19.311333
3,old-pr4,global_aggregate,4,4,roc,11.341583,18.833458
3,old-pr4,global_aggregate,4,5,datafusion,11.588208,18.88525
3,old-pr4,global_aggregate,4,6,roc,11.410333,19.060084
3,old-pr4,global_aggregate,4,7,datafusion,11.040708,18.75
3,old-pr4,global_aggregate,4,8,roc,10.985916999999999,18.687375
3,old-pr4,global_aggregate,4,9,datafusion,11.138957999999999,18.956291
3,old-pr4,global_aggregate,4,10,roc,11.294542,18.433208
3,old-pr4,grouped_aggregate,4,1,datafusion,21.184333,44.391875
3,old-pr4,grouped_aggregate,4,2,roc,20.479167,44.325334
3,old-pr4,grouped_aggregate,4,3,datafusion,20.729708,43.941209
3,old-pr4,grouped_aggregate,4,4,roc,20.796042,44.230875000000005
3,old-pr4,grouped_aggregate,4,5,datafusion,20.623583,44.409749999999995
3,old-pr4,grouped_aggregate,4,6,roc,20.558625,44.27545799999999
3,old-pr4,grouped_aggregate,4,7,datafusion,20.578542,44.769499999999994
3,old-pr4,grouped_aggregate,4,8,roc,20.807042000000003,43.992334
3,old-pr4,grouped_aggregate,4,9,datafusion,20.599166,44.552625
3,old-pr4,grouped_aggregate,4,10,roc,21.097875,45.001875
3,new-pr4,scan_only,1,1,datafusion,112.944958,108.61758300000001
3,new-pr4,scan_only,1,2,roc,104.11675,105.11804099999999
3,new-pr4,scan_only,1,3,datafusion,107.792875,110.1595
3,new-pr4,scan_only,1,4,roc,104.65179099999999,105.888334
3,new-pr4,scan_only,1,5,datafusion,103.761375,108.179417
3,new-pr4,scan_only,1,6,roc,105.759958,107.70170900000001
3,new-pr4,scan_only,1,7,datafusion,106.137958,107.879709
3,new-pr4,scan_only,1,8,roc,109.27983300000001,108.285125
3,new-pr4,scan_only,1,9,datafusion,107.91612500000001,106.76833400000001
3,new-pr4,scan_only,1,10,roc,108.340292,109.45775
3,new-pr4,filter_project,1,1,datafusion,100.69875,106.895792
3,new-pr4,filter_project,1,2,roc,97.734209,105.446292
3,new-pr4,filter_project,1,3,datafusion,97.22087499999999,109.257042
3,new-pr4,filter_project,1,4,roc,99.467292,108.611542
3,new-pr4,filter_project,1,5,datafusion,98.283917,105.12595900000001
3,new-pr4,filter_project,1,6,roc,100.601625,108.767459
3,new-pr4,filter_project,1,7,datafusion,97.798333,104.58975
3,new-pr4,filter_project,1,8,roc,103.93554200000001,105.337375
3,new-pr4,filter_project,1,9,datafusion,101.12620799999999,105.08000000000001
3,new-pr4,filter_project,1,10,roc,98.174041,105.264917
3,new-pr4,global_aggregate,1,1,datafusion,38.458333999999994,67.613
3,new-pr4,global_aggregate,1,2,roc,39.483875000000005,69.282666
3,new-pr4,global_aggregate,1,3,datafusion,38.294833,70.280042
3,new-pr4,global_aggregate,1,4,roc,39.041292,68.759875
3,new-pr4,global_aggregate,1,5,datafusion,38.594084,68.858083
3,new-pr4,global_aggregate,1,6,roc,38.658209,68.33162499999999
3,new-pr4,global_aggregate,1,7,datafusion,39.617417,68.717458
3,new-pr4,global_aggregate,1,8,roc,39.14275,69.779667
3,new-pr4,global_aggregate,1,9,datafusion,37.961459000000005,67.16179199999999
3,new-pr4,global_aggregate,1,10,roc,37.663957999999994,67.08
3,new-pr4,grouped_aggregate,1,1,datafusion,72.980666,147.634959
3,new-pr4,grouped_aggregate,1,2,roc,72.112042,147.176042
3,new-pr4,grouped_aggregate,1,3,datafusion,71.31283300000001,151.79483299999998
3,new-pr4,grouped_aggregate,1,4,roc,69.856583,147.430959
3,new-pr4,grouped_aggregate,1,5,datafusion,73.082,151.567833
3,new-pr4,grouped_aggregate,1,6,roc,69.343167,148.327834
3,new-pr4,grouped_aggregate,1,7,datafusion,69.97654200000001,150.738917
3,new-pr4,grouped_aggregate,1,8,roc,69.863709,148.597208
3,new-pr4,grouped_aggregate,1,9,datafusion,69.665709,150.64675
3,new-pr4,grouped_aggregate,1,10,roc,69.828875,151.151875
3,new-pr4,scan_only,4,1,datafusion,30.691083000000003,28.835
3,new-pr4,scan_only,4,2,roc,31.285792,28.42025
3,new-pr4,scan_only,4,3,datafusion,30.303208,29.175917
3,new-pr4,scan_only,4,4,roc,31.440958,29.075332999999997
3,new-pr4,scan_only,4,5,datafusion,31.778833,29.040582999999998
3,new-pr4,scan_only,4,6,roc,31.266541,29.814875
3,new-pr4,scan_only,4,7,datafusion,30.350833,28.793958
3,new-pr4,scan_only,4,8,roc,31.047333,28.786833
3,new-pr4,scan_only,4,9,datafusion,30.313875,29.155209000000003
3,new-pr4,scan_only,4,10,roc,30.606583999999998,28.08925
3,new-pr4,filter_project,4,1,datafusion,29.072542,29.321541999999997
3,new-pr4,filter_project,4,2,roc,29.753625,30.37675
3,new-pr4,filter_project,4,3,datafusion,29.975,29.005208
3,new-pr4,filter_project,4,4,roc,28.941625,28.935792
3,new-pr4,filter_project,4,5,datafusion,28.969209,29.567208
3,new-pr4,filter_project,4,6,roc,29.083208,29.307958
3,new-pr4,filter_project,4,7,datafusion,29.189708000000003,29.564375000000002
3,new-pr4,filter_project,4,8,roc,28.684917000000002,29.325667
3,new-pr4,filter_project,4,9,datafusion,29.205375,29.333916000000002
3,new-pr4,filter_project,4,10,roc,29.474334000000002,29.74325
3,new-pr4,global_aggregate,4,1,datafusion,11.191542,18.390916999999998
3,new-pr4,global_aggregate,4,2,roc,11.267167,18.215125
3,new-pr4,global_aggregate,4,3,datafusion,11.106291,18.175
3,new-pr4,global_aggregate,4,4,roc,11.015458,18.082667
3,new-pr4,global_aggregate,4,5,datafusion,11.111374999999999,18.185625
3,new-pr4,global_aggregate,4,6,roc,11.125708,18.26125
3,new-pr4,global_aggregate,4,7,datafusion,10.953833,18.48375
3,new-pr4,global_aggregate,4,8,roc,11.161417,18.25425
3,new-pr4,global_aggregate,4,9,datafusion,11.156083,18.238083
3,new-pr4,global_aggregate,4,10,roc,11.069958,18.42925
3,new-pr4,grouped_aggregate,4,1,datafusion,20.784875,39.919333
3,new-pr4,grouped_aggregate,4,2,roc,20.4545,39.527208
3,new-pr4,grouped_aggregate,4,3,datafusion,20.306291,38.940957999999995
3,new-pr4,grouped_aggregate,4,4,roc,20.336709000000003,39.532540999999995
3,new-pr4,grouped_aggregate,4,5,datafusion,20.209583,39.860792
3,new-pr4,grouped_aggregate,4,6,roc,20.342792,39.719709
3,new-pr4,grouped_aggregate,4,7,datafusion,20.751749999999998,40.614999999999995
3,new-pr4,grouped_aggregate,4,8,roc,20.63825,40.394082999999995
3,new-pr4,grouped_aggregate,4,9,datafusion,20.208459,40.583
3,new-pr4,grouped_aggregate,4,10,roc,20.5285,39.620542
3,new-final,scan_only,1,1,datafusion,106.00225,110.212042
3,new-final,scan_only,1,2,roc,107.35725000000001,107.62975
3,new-final,scan_only,1,3,datafusion,106.02766700000001,107.010125
3,new-final,scan_only,1,4,roc,108.995084,108.400625
3,new-final,scan_only,1,5,datafusion,106.12837499999999,104.739917
3,new-final,scan_only,1,6,roc,108.852292,108.047666
3,new-final,scan_only,1,7,datafusion,105.742292,105.075125
3,new-final,scan_only,1,8,roc,109.972208,104.818584
3,new-final,scan_only,1,9,datafusion,108.677542,105.326125
3,new-final,scan_only,1,10,roc,108.02125,106.221125
3,new-final,filter_project,1,1,datafusion,98.291625,100.586083
3,new-final,filter_project,1,2,roc,101.02225,101.75704200000001
3,new-final,filter_project,1,3,datafusion,99.03983299999999,98.37245899999999
3,new-final,filter_project,1,4,roc,99.972958,98.735083
3,new-final,filter_project,1,5,datafusion,101.32545900000001,99.990875
3,new-final,filter_project,1,6,roc,100.061417,98.436667
3,new-final,filter_project,1,7,datafusion,100.819125,101.88875
3,new-final,filter_project,1,8,roc,98.978458,99.777125
3,new-final,filter_project,1,9,datafusion,99.587333,101.27600000000001
3,new-final,filter_project,1,10,roc,98.634792,101.32766699999999
3,new-final,global_aggregate,1,1,datafusion,39.017833,41.723334
3,new-final,global_aggregate,1,2,roc,38.58525,40.211292
3,new-final,global_aggregate,1,3,datafusion,38.222584,39.690250000000006
3,new-final,global_aggregate,1,4,roc,37.728792,38.747709
3,new-final,global_aggregate,1,5,datafusion,37.926958,38.650084
3,new-final,global_aggregate,1,6,roc,39.262084,39.513291
3,new-final,global_aggregate,1,7,datafusion,40.030875,40.386333
3,new-final,global_aggregate,1,8,roc,39.835916999999995,40.35275
3,new-final,global_aggregate,1,9,datafusion,38.298375,38.873958
3,new-final,global_aggregate,1,10,roc,38.477583,38.952917
3,new-final,grouped_aggregate,1,1,datafusion,72.437208,71.902375
3,new-final,grouped_aggregate,1,2,roc,72.610209,72.31937500000001
3,new-final,grouped_aggregate,1,3,datafusion,71.69779199999999,74.336583
3,new-final,grouped_aggregate,1,4,roc,70.837625,70.669042
3,new-final,grouped_aggregate,1,5,datafusion,68.986666,72.125917
3,new-final,grouped_aggregate,1,6,roc,72.771375,72.547583
3,new-final,grouped_aggregate,1,7,datafusion,71.143292,71.13412500000001
3,new-final,grouped_aggregate,1,8,roc,69.965167,71.648583
3,new-final,grouped_aggregate,1,9,datafusion,70.397375,73.34837499999999
3,new-final,grouped_aggregate,1,10,roc,71.93275,73.54691600000001
3,new-final,scan_only,4,1,datafusion,30.885125,29.016125
3,new-final,scan_only,4,2,roc,30.817792,29.245791999999998
3,new-final,scan_only,4,3,datafusion,30.586792000000003,29.250292
3,new-final,scan_only,4,4,roc,30.596416,28.927208999999998
3,new-final,scan_only,4,5,datafusion,31.228667,29.42775
3,new-final,scan_only,4,6,roc,31.521458000000003,29.121917
3,new-final,scan_only,4,7,datafusion,31.596041999999997,29.460791
3,new-final,scan_only,4,8,roc,30.867124999999998,28.756791
3,new-final,scan_only,4,9,datafusion,30.883084,28.76725
3,new-final,scan_only,4,10,roc,30.911125000000002,28.843917
3,new-final,filter_project,4,1,datafusion,29.477292,27.762249999999998
3,new-final,filter_project,4,2,roc,29.140124999999998,27.725125
3,new-final,filter_project,4,3,datafusion,29.321875000000002,28.023292
3,new-final,filter_project,4,4,roc,30.459,28.131166999999998
3,new-final,filter_project,4,5,datafusion,29.471500000000002,27.401374999999998
3,new-final,filter_project,4,6,roc,29.620082999999997,27.537375
3,new-final,filter_project,4,7,datafusion,29.282249999999998,27.900333
3,new-final,filter_project,4,8,roc,29.520625000000003,27.582083
3,new-final,filter_project,4,9,datafusion,28.964667,27.832292000000002
3,new-final,filter_project,4,10,roc,29.390916999999998,27.83975
3,new-final,global_aggregate,4,1,datafusion,11.793166000000001,11.246917
3,new-final,global_aggregate,4,2,roc,11.412875,11.220625
3,new-final,global_aggregate,4,3,datafusion,11.649417,10.965499999999999
3,new-final,global_aggregate,4,4,roc,11.293958,11.169792
3,new-final,global_aggregate,4,5,datafusion,11.565375,11.339417
3,new-final,global_aggregate,4,6,roc,11.563709,11.09075
3,new-final,global_aggregate,4,7,datafusion,11.726584,11.264415999999999
3,new-final,global_aggregate,4,8,roc,11.4715,11.130042
3,new-final,global_aggregate,4,9,datafusion,11.193584,10.851292
3,new-final,global_aggregate,4,10,roc,11.084541999999999,10.761209000000001
3,new-final,grouped_aggregate,4,1,datafusion,20.136083,19.091542
3,new-final,grouped_aggregate,4,2,roc,20.430457999999998,19.232125
3,new-final,grouped_aggregate,4,3,datafusion,20.444582999999998,19.592374999999997
3,new-final,grouped_aggregate,4,4,roc,21.014292,19.981459
3,new-final,grouped_aggregate,4,5,datafusion,21.03075,20.179167
3,new-final,grouped_aggregate,4,6,roc,20.535874999999997,19.485583000000002
3,new-final,grouped_aggregate,4,7,datafusion,20.538041,19.808708000000003
3,new-final,grouped_aggregate,4,8,roc,20.372958999999998,19.569833
3,new-final,grouped_aggregate,4,9,datafusion,20.343625,19.360083
3,new-final,grouped_aggregate,4,10,roc,20.374666,19.341166
