rows,nullable,case,sample,order,before_us,after_us
8192,false,0,0,before-first,6.077729,5.212250
8192,false,0,1,after-first,5.882125,5.165792
8192,false,0,2,before-first,6.026084,5.237083
8192,false,0,3,after-first,6.064115,5.233594
8192,false,0,4,before-first,6.009594,5.277792
8192,false,0,5,after-first,6.960250,5.384459
8192,false,0,6,before-first,5.870583,5.188771
8192,false,0,7,after-first,5.830989,5.144833
8192,false,0,8,before-first,5.905656,5.220187
8192,false,1,0,before-first,11.381250,5.176281
8192,false,1,1,after-first,11.436865,5.183573
8192,false,1,2,before-first,11.391948,5.168886
8192,false,1,3,after-first,11.366323,5.176781
8192,false,1,4,before-first,11.363250,5.243011
8192,false,1,5,after-first,11.495375,5.215021
8192,false,1,6,before-first,11.336063,5.165250
8192,false,1,7,after-first,11.499521,5.244073
8192,false,1,8,before-first,11.424177,5.237334
8192,false,2,0,before-first,11.303584,9.881802
8192,false,2,1,after-first,11.331844,9.835365
8192,false,2,2,before-first,11.286281,9.980729
8192,false,2,3,after-first,11.341010,9.845698
8192,false,2,4,before-first,11.290979,9.873917
8192,false,2,5,after-first,11.247834,9.831437
8192,false,2,6,before-first,11.266104,9.893885
8192,false,2,7,after-first,11.192604,9.849448
8192,false,2,8,before-first,11.258364,9.949031
8192,true,0,0,before-first,6.525521,5.734260
8192,true,0,1,after-first,6.454688,5.748188
8192,true,0,2,before-first,6.563260,5.736354
8192,true,0,3,after-first,6.440073,5.720125
8192,true,0,4,before-first,6.469094,5.771823
8192,true,0,5,after-first,6.469396,5.720635
8192,true,0,6,before-first,6.470636,5.718427
8192,true,0,7,after-first,6.458469,5.702156
8192,true,0,8,before-first,6.452844,5.744125
8192,true,1,0,before-first,11.169365,6.190709
8192,true,1,1,after-first,11.169958,6.130229
8192,true,1,2,before-first,11.134354,5.771177
8192,true,1,3,after-first,11.113073,5.771187
8192,true,1,4,before-first,11.114146,5.865584
8192,true,1,5,after-first,11.195989,5.863260
8192,true,1,6,before-first,11.083937,5.787312
8192,true,1,7,after-first,11.110531,5.768813
8192,true,1,8,before-first,11.242802,5.747740
8192,true,2,0,before-first,11.377167,10.022521
8192,true,2,1,after-first,11.345479,9.997125
8192,true,2,2,before-first,11.392052,10.058156
8192,true,2,3,after-first,11.366052,10.071250
8192,true,2,4,before-first,11.371052,10.014854
8192,true,2,5,after-first,11.394021,10.033594
8192,true,2,6,before-first,11.599761,10.062875
8192,true,2,7,after-first,11.441521,10.011406
8192,true,2,8,before-first,11.335427,10.020990
65536,false,0,0,before-first,35.658500,35.334000
65536,false,0,1,after-first,35.926500,34.997418
65536,false,0,2,before-first,35.604166,35.357666
65536,false,0,3,after-first,36.359500,34.735584
65536,false,0,4,before-first,36.195500,35.554582
65536,false,0,5,after-first,35.684166,35.049000
65536,false,0,6,before-first,35.750168,35.113334
65536,false,0,7,after-first,35.733916,35.432584
65536,false,0,8,before-first,36.231666,34.870750
65536,false,1,0,before-first,69.329416,35.023500
65536,false,1,1,after-first,69.954668,35.738000
65536,false,1,2,before-first,69.965082,35.130918
65536,false,1,3,after-first,69.687082,35.221166
65536,false,1,4,before-first,69.068666,34.981668
65536,false,1,5,after-first,70.274000,35.329500
65536,false,1,6,before-first,69.173084,35.081750
65536,false,1,7,after-first,69.417168,35.166000
65536,false,1,8,before-first,69.793166,34.994416
65536,false,2,0,before-first,76.406084,76.048500
65536,false,2,1,after-first,76.522668,74.832250
65536,false,2,2,before-first,76.044584,75.321500
65536,false,2,3,after-first,76.302668,74.650750
65536,false,2,4,before-first,76.785332,75.926584
65536,false,2,5,after-first,76.937418,75.693918
65536,false,2,6,before-first,76.512082,75.481084
65536,false,2,7,after-first,76.421916,76.108166
65536,false,2,8,before-first,77.727500,75.892334
65536,true,0,0,before-first,41.704166,41.211250
65536,true,0,1,after-first,41.340334,41.099666
65536,true,0,2,before-first,41.698750,41.744416
65536,true,0,3,after-first,41.486082,41.281500
65536,true,0,4,before-first,41.682084,41.156668
65536,true,0,5,after-first,41.041832,40.891750
65536,true,0,6,before-first,41.925834,41.640332
65536,true,0,7,after-first,41.196584,40.847082
65536,true,0,8,before-first,41.296500,41.189750
65536,true,1,0,before-first,65.929666,40.891416
65536,true,1,1,after-first,65.942584,41.586084
65536,true,1,2,before-first,66.078832,40.984500
65536,true,1,3,after-first,66.417084,40.987166
65536,true,1,4,before-first,66.531500,41.569332
65536,true,1,5,after-first,65.208750,41.025834
65536,true,1,6,before-first,65.799750,41.311250
65536,true,1,7,after-first,65.560416,40.939500
65536,true,1,8,before-first,65.269166,41.137584
65536,true,2,0,before-first,77.740000,76.528332
65536,true,2,1,after-first,77.799916,76.611000
65536,true,2,2,before-first,77.501084,76.297666
65536,true,2,3,after-first,77.545916,76.614666
65536,true,2,4,before-first,77.400916,76.810250
65536,true,2,5,after-first,77.302082,75.869084
65536,true,2,6,before-first,78.487250,77.159000
65536,true,2,7,after-first,77.473250,76.192832
65536,true,2,8,before-first,77.818168,76.521168
