rows,nullable,case,comparison,before_us,after_us,elapsed_reduction_pct,process_min_pct,process_max_pct
128,False,avg_i64,actual_amendment,0.413571,0.379878,8.485494349351441,8.146847820567693,8.678634416880481
128,False,avg_i64,full_control,0.380412,0.37862850000000003,0.18999085326016907,0.17474682923336315,0.46883379073213716
128,False,avg_i64,binding_dynamic_direction,0.380412,0.37845399999999996,0.5147051091973998,0.2757088723376544,0.7028322775159856
128,False,avg_i64,binding_static_direction,0.37829,0.37862850000000003,-0.08948161463429027,-0.21095895151406197,0.09717639149922075
128,False,avg_i64,direction_enum_dispatch,0.380412,0.37829,0.38489381279549484,0.09290474323796483,0.5578162623681604
128,False,avg_i64,direction_bound_dispatch,0.37845399999999996,0.37862850000000003,-0.08595500465151673,-0.531823273911014,-0.046108642001430056
128,False,count_distinct_i64,actual_amendment,5.448804000000001,5.4426665,0.11263939756323005,0.101891483746408,0.20883685244562633
128,False,count_distinct_i64,full_control,5.441065,5.4233305000000005,0.07892756289440417,-0.24733330715751567,0.5258620207389875
128,False,count_distinct_i64,binding_dynamic_direction,5.441065,5.414967000000001,0.4796487452364384,-0.3832346511229767,0.4952402333785688
128,False,count_distinct_i64,binding_static_direction,5.412198999999999,5.4233305000000005,-0.45400215328372795,-0.4775094454021245,0.1411067660910592
128,False,count_distinct_i64,direction_enum_dispatch,5.441065,5.412198999999999,0.38529893751844124,0.22908224886853956,0.5305211387844233
128,False,count_distinct_i64,direction_bound_dispatch,5.414967000000001,5.4233305000000005,0.030774193548377404,-0.4026525000059733,0.13538251127073186
128,False,count_i64,actual_amendment,0.072302,0.069718,1.9154739000824539,1.566420804501567,3.5738983707228056
128,False,count_i64,full_control,0.0705625,0.0697685,1.1252435783879577,1.0622661203854245,1.6579685201121297
128,False,count_i64,binding_dynamic_direction,0.0705625,0.0698115,1.0643046944198375,0.9656964730776374,1.6551925158926228
128,False,count_i64,binding_static_direction,0.0706325,0.0697685,1.2232329310161827,1.0095484384324727,1.590355086705575
128,False,count_i64,direction_enum_dispatch,0.0705625,0.0706325,0.05325532020648005,-0.0992028343667073,0.0687061044332915
128,False,count_i64,direction_bound_dispatch,0.0698115,0.0697685,0.06159443644672136,0.0028227257651169957,0.09751131059505536
128,False,count_star,actual_amendment,0.0708705,0.068886,2.585757554412893,2.4728943778272394,2.800177789065972
128,False,count_star,full_control,0.069784,0.0691505,1.2648289054804418,0.9078012151782611,1.2650134057997309
128,False,count_star,binding_dynamic_direction,0.069784,0.06913849999999999,1.157760995874324,0.9249971340135388,1.2003458623671137
128,False,count_star,binding_static_direction,0.06983500000000001,0.0691505,1.2890148243842048,0.9622682036228292,1.3015877627507555
128,False,count_star,direction_enum_dispatch,0.069784,0.06983500000000001,-0.037056682191716206,-0.3861916771752627,0.30550043540948923
128,False,count_star,direction_bound_dispatch,0.06913849999999999,0.0691505,0.06545320831035095,-0.017356465645068653,0.10832201970015776
128,False,covar_i64,actual_amendment,0.7448755,0.73335,1.5473055564319216,0.6203696307518602,1.674976407356854
128,False,covar_i64,full_control,0.7318720000000001,0.732544,0.12849279864988183,-0.09181933452842017,0.1416138394848221
128,False,covar_i64,binding_dynamic_direction,0.7318720000000001,0.7376285,-0.48625290461556947,-0.7865446416859712,-0.04499987671267025
128,False,covar_i64,binding_static_direction,0.7319465,0.732544,-0.13820292454338468,-0.19195392012938406,0.6345744970833511
128,False,covar_i64,direction_enum_dispatch,0.7318720000000001,0.7319465,0.046319575007658376,-0.5093136731131986,0.33292868994263536
128,False,covar_i64,direction_bound_dispatch,0.7376285,0.732544,0.624828497383001,0.17341463898878917,0.6893036264189911
128,False,max_i64,actual_amendment,0.8120555,0.7748465,4.609504745232307,3.347616018855859,5.365768621236134
128,False,max_i64,full_control,0.8113485,0.7614335,6.5938372967966234,3.444963577882598,8.350098549443485
128,False,max_i64,binding_dynamic_direction,0.8113485,0.8032125,0.7018762985821159,0.5580216146329198,3.526941051698529
128,False,max_i64,binding_static_direction,0.7631785,0.7614335,0.01605129075308298,-2.2787382684839708,0.8018581747712972
128,False,max_i64,direction_enum_dispatch,0.8113485,0.7631785,5.838798001105583,5.59617956113393,8.335385195603529
128,False,max_i64,direction_bound_dispatch,0.8032125,0.7614335,4.9994864372753245,2.762476446734019,6.069685841097339
128,False,max_utf8,actual_amendment,1.808379,1.810119,0.12020653341959786,-0.9944541492684866,0.1913499097933702
128,False,max_utf8,full_control,1.855116,1.8073975,2.5663038189975396,2.3177312887938895,2.967415514717142
128,False,max_utf8,binding_dynamic_direction,1.855116,1.844422,0.5703765897889568,-0.059223406510988674,0.9045256469137231
128,False,max_utf8,binding_static_direction,1.8062875,1.8073975,0.2047666527790315,-0.061452011376927906,0.5843406669392426
128,False,max_utf8,direction_enum_dispatch,1.855116,1.8062875,2.6261420132856927,1.743579063382228,2.7683174529247734
128,False,max_utf8,direction_bound_dispatch,1.844422,1.8073975,2.0817195550759005,2.007376836754282,2.3755478149655396
128,False,min_i64,actual_amendment,0.8089284999999999,0.7338169999999999,9.285307663161824,8.590036999138096,9.912037263916629
128,False,min_i64,full_control,0.808964,0.7301205,9.24265615680011,8.794365499426227,9.746230981848392
128,False,min_i64,binding_dynamic_direction,0.808964,0.8050205,0.48747533882842475,-1.9504137662587073,1.412694656827218
128,False,min_i64,binding_static_direction,0.7294935,0.7301205,-0.08595004616216428,-1.3880283955768569,1.6122287567902793
128,False,min_i64,direction_enum_dispatch,0.808964,0.7294935,9.823737521076337,7.755463208072677,10.042994282594508
128,False,min_i64,direction_bound_dispatch,0.8050205,0.7301205,9.30411088910159,7.942159969498674,10.539220851343934
128,False,min_utf8,actual_amendment,1.8262835,1.78106,2.4576122733597217,1.9609803572383178,2.476258477941673
128,False,min_utf8,full_control,1.8545150000000001,1.7630945,4.929617716761536,4.876608911151681,5.0843081883505175
128,False,min_utf8,binding_dynamic_direction,1.8545150000000001,1.8474135,0.7137007010755148,0.3829303079241786,0.8681487704581548
128,False,min_utf8,binding_static_direction,1.7695020000000001,1.7630945,0.26494433988818455,0.2454166540263203,0.36210753081941105
128,False,min_utf8,direction_enum_dispatch,1.8545150000000001,1.7695020000000001,4.623915373326337,4.584109591995755,4.850796196042162
128,False,min_utf8,direction_bound_dispatch,1.8474135,1.7630945,4.402024768912238,4.043564294398028,4.564164979848851
128,False,mixed_7,actual_amendment,8.664966,8.483076,1.8491652165552486,1.5479263538516252,2.0991426856146855
128,False,mixed_7,full_control,9.190901,9.0310845,1.7388556355900198,1.5718622222537393,2.2548446105778663
128,False,mixed_7,binding_dynamic_direction,9.190901,9.073838,1.24043877757688,-0.5628574062339409,1.2736836138263263
128,False,mixed_7,binding_static_direction,9.0424455,9.0310845,0.0025650493793882845,-0.7912891220413387,0.12564079042554077
128,False,mixed_7,direction_enum_dispatch,9.190901,9.0424455,1.6152442508085008,1.5693374271542937,3.0222192405246817
128,False,mixed_7,direction_bound_dispatch,9.073838,9.0310845,1.0271469622231022,0.47117327860602964,2.122771452151828
128,False,sum_f64,actual_amendment,0.2217895,0.2302535,-2.7014188414653084,-6.004647574260158,1.3285119448846694
128,False,sum_f64,full_control,0.2219065,0.22125699999999998,0.2926908405116668,-0.49564188840018897,6.737810792460152
128,False,sum_f64,binding_dynamic_direction,0.2219065,0.22112300000000001,0.7937619862423695,0.3530766336272251,7.934503217045485
128,False,sum_f64,binding_static_direction,0.234121,0.22125699999999998,2.28595988296022,-0.5584627794899211,5.494594675402897
128,False,sum_f64,direction_enum_dispatch,0.2219065,0.234121,0.062472008176472915,-5.504345298582947,4.555999224029216
128,False,sum_f64,direction_bound_dispatch,0.22112300000000001,0.22125699999999998,-1.2997205623942243,-1.2998272603758965,-0.06059975669647777
128,False,sum_i64,actual_amendment,0.341582,0.3546555,-2.1075455850553704,-5.860086304313472,5.113593039541852
128,False,sum_i64,full_control,0.348047,0.3478525,2.6141584326254796,-4.860244000645375,2.992743680699639
128,False,sum_i64,binding_dynamic_direction,0.348047,0.33892049999999996,2.6222033231144137,0.5401802645962905,3.2884705116222213
128,False,sum_i64,binding_static_direction,0.34084499999999995,0.3478525,0.5564112719857905,-7.82164070463669,3.875886519923122
128,False,sum_i64,direction_enum_dispatch,0.348047,0.34084499999999995,2.0692607607593394,-0.9187526493094955,2.746569876546079
128,False,sum_i64,direction_bound_dispatch,0.33892049999999996,0.3478525,-0.008261524457808811,-8.42579427228154,2.4658836328358413
128,False,sum_u64,actual_amendment,0.3425735,0.340233,0.24613535245439078,-8.89050087061609,6.423634981073945
128,False,sum_u64,full_control,0.353789,0.338976,4.186958893577819,0.5595677574280367,5.455235405236747
128,False,sum_u64,binding_dynamic_direction,0.353789,0.33913150000000003,2.08696184004038,0.6663440975831159,4.143006142079031
128,False,sum_u64,binding_static_direction,0.3413035,0.338976,0.6819443691611693,0.5571916703503987,5.856584072217319
128,False,sum_u64,direction_enum_dispatch,0.353789,0.3413035,0.0023894006188518446,-0.4263162357402095,3.5290808928485684
128,False,sum_u64,direction_bound_dispatch,0.33913150000000003,0.338976,0.045852420078951184,-0.10749261082263484,3.4400664390514035
128,True,avg_i64,actual_amendment,0.4919515,0.457991,6.9032211508654795,6.46082780001197,7.077128079675655
128,True,avg_i64,full_control,0.458733,0.45542150000000003,0.4344038206548273,0.3972041852709385,1.2603191834901772
128,True,avg_i64,binding_dynamic_direction,0.458733,0.4540035,0.7444111773174278,0.3347956717095424,1.5615837535123966
128,True,avg_i64,binding_static_direction,0.4598865,0.45542150000000003,0.9708917308944631,0.24892060257449833,0.9896629134889201
128,True,avg_i64,direction_enum_dispatch,0.458733,0.4598865,0.14865361216358508,-0.5417476938010424,0.2733616286598184
128,True,avg_i64,direction_bound_dispatch,0.4540035,0.45542150000000003,-0.3060436986997761,-0.3123323939132616,0.06261815643885393
128,True,count_distinct_i64,actual_amendment,5.3220375,5.2932395,0.31554643648441516,-0.49053581452591644,7.123113328087349
128,True,count_distinct_i64,full_control,5.3581135,5.4025,0.5461734158735188,-0.8283979053448576,5.164398286450322
128,True,count_distinct_i64,binding_dynamic_direction,5.3581135,5.25643,0.6154211790762254,-0.9112535596716986,8.956028122011316
128,True,count_distinct_i64,binding_static_direction,5.259204,5.4025,-0.45457905068793103,-4.138766858695941,-0.01689419159247585
128,True,count_distinct_i64,direction_enum_dispatch,5.3581135,5.259204,0.5629724978136075,-0.37212724217210447,8.933431253098622
128,True,count_distinct_i64,direction_bound_dispatch,5.25643,5.4025,-0.06967656755629825,-4.1646138204979755,0.082107447290658
128,True,count_i64,actual_amendment,0.132202,0.1146725,13.24289869984453,12.781576678113781,13.703998161245224
128,True,count_i64,full_control,0.1148565,0.11472750000000001,0.1562819692398798,-0.10164818385669516,0.33040266743935565
128,True,count_i64,binding_dynamic_direction,0.1148565,0.114852,0.003917932376495958,-0.013960265594059607,0.5064156067689396
128,True,count_i64,binding_static_direction,0.1149715,0.11472750000000001,0.2561504372822876,-0.08854884581159794,1.253668673279218
128,True,count_i64,direction_enum_dispatch,0.1148565,0.1149715,-0.10012493851023763,-0.9349876531463908,-0.013087748994422554
128,True,count_i64,direction_bound_dispatch,0.114852,0.11472750000000001,-0.08767567850507252,-0.1769088332710167,0.15237000661720845
128,True,count_star,actual_amendment,0.07101450000000001,0.069195,2.562152799780326,1.7595032579916348,2.9409457522445837
128,True,count_star,full_control,0.07008800000000001,0.069135,1.3954802669236321,1.3597192101358457,3.95999949936795
128,True,count_star,binding_dynamic_direction,0.07008800000000001,0.0692325,1.2206083780390453,0.924291918547171,1.4657614641674588
128,True,count_star,binding_static_direction,0.070028,0.069135,1.275204204032676,1.2566842979763737,2.4980622863750135
128,True,count_star,direction_enum_dispatch,0.07008800000000001,0.070028,0.14056239448763108,0.08560666590572419,1.4993929836418562
128,True,count_star,direction_bound_dispatch,0.0692325,0.069135,0.14082981258801697,-0.07132667617690824,3.0640281453502616
128,True,covar_i64,actual_amendment,0.9120744999999999,0.8978775,1.4827835315815663,0.8890172897060289,1.9163334862685955
128,True,covar_i64,full_control,0.894444,0.8987415,-0.48046607725023005,-0.6055275057828213,-0.35862677088014383
128,True,covar_i64,binding_dynamic_direction,0.894444,0.89712,-0.2991802728846027,-0.3059991572884835,-0.2831139620593559
128,True,covar_i64,binding_static_direction,0.8945595,0.8987415,-0.30271882418106966,-0.6609243196293191,-0.20863552699696974
128,True,covar_i64,direction_enum_dispatch,0.894444,0.8945595,-0.14967896039534967,-0.30189478924547153,0.17927338100541812
128,True,covar_i64,direction_bound_dispatch,0.89712,0.8987415,-0.1807450508293229,-0.32150332292775197,-0.052467064815475695
128,True,max_i64,actual_amendment,0.9066595,0.85507,5.81612185845376,3.9593695317812205,6.120966811900342
128,True,max_i64,full_control,0.9057715,0.8485005,6.743625294197331,4.680697375153975,6.744305821059726
128,True,max_i64,binding_dynamic_direction,0.9057715,0.897105,1.1928667277413818,0.9568086432394818,1.3900092304663159
128,True,max_i64,binding_static_direction,0.849522,0.8485005,-0.5007166074134428,-1.9413906431434702,0.569555585376258
128,True,max_i64,direction_enum_dispatch,0.9057715,0.849522,6.4959757528507245,6.210120322840796,7.208249001755274
128,True,max_i64,direction_bound_dispatch,0.897105,0.8485005,5.429080787811058,3.5299381045718947,5.843407404930312
128,True,max_utf8,actual_amendment,2.0129945,2.0308390000000003,0.23976168609718407,-0.8864654125980032,0.30634115480078217
128,True,max_utf8,full_control,2.061804,2.0174285000000003,2.1522656857780653,1.5295355742426908,2.370102282438624
128,True,max_utf8,binding_dynamic_direction,2.061804,2.042005,0.5996880348891676,-0.40278561025282045,0.9602755645056416
128,True,max_utf8,binding_static_direction,2.010973,2.0174285000000003,0.07411107438000109,-0.3210137580166528,0.29980740013475504
128,True,max_utf8,direction_enum_dispatch,2.061804,2.010973,2.297694053807875,1.233426076761246,2.465365282053966
128,True,max_utf8,direction_bound_dispatch,2.042005,2.0174285000000003,1.781095262730037,1.203547493762247,1.9245692963106187
128,True,min_i64,actual_amendment,0.9039805000000001,0.8431185,6.9899629598152435,6.732667352890919,7.9532461889104455
128,True,min_i64,full_control,0.9087510000000001,0.839988,6.791134205079297,6.630244082266645,7.593349926431159
128,True,min_i64,binding_dynamic_direction,0.9087510000000001,0.902657,0.16291591426035312,-1.451658403962508,1.6535526189133787
128,True,min_i64,binding_static_direction,0.843019,0.839988,-0.4765610265011766,-0.8707741530092683,1.0531511193227705
128,True,min_i64,direction_enum_dispatch,0.9087510000000001,0.843019,7.233224502641555,6.609810096120794,7.436265160310684
128,True,min_i64,direction_bound_dispatch,0.902657,0.839988,6.639034334302729,6.039666368934926,7.96625960913172
128,True,min_utf8,actual_amendment,2.0391785000000002,2.0048765,2.07915101251428,1.3948263970025243,2.2066561615674885
128,True,min_utf8,full_control,2.086856,1.9737095,4.4102720332094165,4.079707034308722,5.421864278129396
128,True,min_utf8,binding_dynamic_direction,2.086856,2.0690809999999997,0.8517597764292506,-0.12462622515936328,0.94678015500963
128,True,min_utf8,binding_static_direction,2.0039305,1.9737095,0.2701659017659508,0.03450110887328606,1.5080862335295597
128,True,min_utf8,direction_enum_dispatch,2.086856,2.0039305,4.046602048013693,3.9737049417880255,4.15132158684377
128,True,min_utf8,direction_bound_dispatch,2.0690809999999997,1.9737095,4.199100079548279,3.496596964359011,4.609365220597928
128,True,mixed_7,actual_amendment,9.104130000000001,8.9422715,2.1868191512266266,1.7778579611670842,2.7705111788765446
128,True,mixed_7,full_control,9.1041545,9.012735,1.4012249768575957,1.0041514563488674,2.3915566705083102
128,True,mixed_7,binding_dynamic_direction,9.1041545,9.0743295,0.32759769180104037,-0.5433752672639569,1.1382866235434053
128,True,mixed_7,binding_static_direction,9.0201095,9.012735,0.25407251144506926,-0.076268475454766,0.262492315847318
128,True,mixed_7,direction_enum_dispatch,9.1041545,9.0201095,1.4763674493666112,0.7436110624001402,2.1429287519618256
128,True,mixed_7,direction_bound_dispatch,9.0743295,9.012735,1.2677001077176953,0.6787774237204003,1.9340908726730444
128,True,sum_f64,actual_amendment,0.263887,0.2716305,-2.934399951494404,-5.6413145181309465,0.9773339338570941
128,True,sum_f64,full_control,0.26746800000000004,0.2706635,1.2176219801041999,-1.194722359310263,4.07860286530537
128,True,sum_f64,binding_dynamic_direction,0.26746800000000004,0.26928799999999997,1.688488867835125,-0.6804552320277324,3.6011104637695412
128,True,sum_f64,binding_static_direction,0.27722,0.2706635,1.4122357694250076,0.18094123909327964,3.768879060242325
128,True,sum_f64,direction_enum_dispatch,0.26746800000000004,0.27722,1.0385599242065058,-5.1580002093708055,2.704561886244139
128,True,sum_f64,direction_bound_dispatch,0.26928799999999997,0.2706635,-0.478953972234164,-0.510791420338097,0.49532977385219334
128,True,sum_i64,actual_amendment,0.3952595,0.41197,-0.9401677927770802,-4.227728871791836,1.612937291870531
128,True,sum_i64,full_control,0.40444599999999997,0.40613699999999997,1.1154764789366167,-2.474970226680928,2.5509495754943545
128,True,sum_i64,binding_dynamic_direction,0.40444599999999997,0.399704,2.627247862639348,1.1724680179801439,3.2841484830746337
128,True,sum_i64,binding_static_direction,0.401436,0.40613699999999997,0.37403222431472427,-5.657535315694995,3.014846901659929
128,True,sum_i64,direction_enum_dispatch,0.40444599999999997,0.401436,0.7442279068157309,-0.47831787788714664,3.012151551240383
128,True,sum_i64,direction_bound_dispatch,0.399704,0.40613699999999997,-0.07835691758752983,-5.954679216930336,-0.057667674078820674
128,True,sum_u64,actual_amendment,0.39500749999999996,0.390425,0.8266876990038807,-3.2798111428264054,3.765218132841075
128,True,sum_u64,full_control,0.391648,0.3910355,0.5547878973279352,0.15639043222486215,2.667237056786964
128,True,sum_u64,binding_dynamic_direction,0.391648,0.3905465,0.5415663165972306,0.28124744668681645,2.749686617055991
128,True,sum_u64,binding_static_direction,0.3920485,0.3910355,0.25838639862161283,0.20565398878983343,2.596982383130819
128,True,sum_u64,direction_enum_dispatch,0.391648,0.3920485,0.07212782044648813,-0.10226019282622012,0.3498533960018979
128,True,sum_u64,direction_bound_dispatch,0.3905465,0.3910355,-0.08478076563553927,-0.12520916203320187,0.013293574251116436
8192,False,avg_i64,actual_amendment,16.365961,14.033340500000001,14.446311439107806,13.743427593405599,16.916370834333737
8192,False,avg_i64,full_control,14.028204500000001,14.009194,0.09710817610790734,-0.11378456694963734,0.13551627366139574
8192,False,avg_i64,binding_dynamic_direction,14.028204500000001,14.050030499999998,0.2250293527739755,-0.4993190682385462,0.5553083266266801
8192,False,avg_i64,binding_static_direction,14.0537125,14.009194,0.13449997944913195,-0.8107128943614539,0.31677394852070995
8192,False,avg_i64,direction_enum_dispatch,14.028204500000001,14.0537125,-0.03744216304282233,-0.1818336765763373,0.6913236772188136
8192,False,avg_i64,direction_bound_dispatch,14.050030499999998,14.009194,-0.12820968609286165,-0.672829169981215,0.631681237032955
8192,False,count_distinct_i64,actual_amendment,377.9796665,363.0800395,4.579139702878477,-10.672670663002304,5.5229129633617475
8192,False,count_distinct_i64,full_control,395.863769,395.9727565,-0.027531567305416615,-0.3312186408714224,0.6473582775624487
8192,False,count_distinct_i64,binding_dynamic_direction,395.863769,396.44230749999997,-0.488501610651082,-0.5382850176885556,-0.14614585756647092
8192,False,count_distinct_i64,binding_static_direction,395.53259,395.9727565,-0.1112845088188541,-0.2912490597798634,1.0327400008218302
8192,False,count_distinct_i64,direction_enum_dispatch,395.863769,395.53259,-0.03985350812387711,-0.3894032463489294,0.08365984107021607
8192,False,count_distinct_i64,direction_bound_dispatch,396.44230749999997,395.9727565,0.2059577371751442,0.1184411933632945,1.130338168056777
8192,False,count_i64,actual_amendment,3.8316195,3.8285535,0.04113695171401588,0.031330299911058734,0.08001838387136084
8192,False,count_i64,full_control,3.8351845,3.8308875000000002,0.06877484006880819,-0.4935639365844402,0.11605699804011493
8192,False,count_i64,binding_dynamic_direction,3.8351845,3.829492,0.13533239911891481,-0.36909606221871005,0.14842832202727196
8192,False,count_i64,binding_static_direction,3.829397,3.8308875000000002,-0.03490105622372397,-0.1417343850049102,0.010137474418925319
8192,False,count_i64,direction_enum_dispatch,3.8351845,3.829397,0.15090538668999232,-0.5037524787820491,0.21021128340398265
8192,False,count_i64,direction_bound_dispatch,3.829492,3.8308875000000002,-0.06664775505598186,-0.12401015775669322,-0.03241944362333271
8192,False,count_star,actual_amendment,3.8538430000000004,3.8338955,0.014012348831515808,-0.03865370668014734,0.5176002239842159
8192,False,count_star,full_control,3.836888,3.8280915,0.016657316992974014,-0.014565120667575648,0.22926131802648575
8192,False,count_star,binding_dynamic_direction,3.836888,3.834559,0.024581422301117595,-0.10355094765459594,0.060700234148092225
8192,False,count_star,binding_static_direction,3.8369565000000003,3.8280915,0.14673230115368474,0.06080340185495858,0.23104249422687406
8192,False,count_star,direction_enum_dispatch,3.836888,3.8369565000000003,-0.07541437702924814,-0.1302661266459726,-0.0017853010043644701
8192,False,count_star,direction_bound_dispatch,3.834559,3.8280915,0.08889377663889864,-0.007926053644857767,0.1686634629953443
8192,False,covar_i64,actual_amendment,27.383341,26.7021795,2.487503259737378,2.404664580642457,2.4912026493548067
8192,False,covar_i64,full_control,26.723347,26.801528,-0.3108287795115183,-0.44317650075476056,0.2116856844316617
8192,False,covar_i64,binding_dynamic_direction,26.723347,26.668928,0.1340652575092527,-0.18831248283284197,0.20363841400554694
8192,False,covar_i64,binding_static_direction,26.709927,26.801528,-0.7570047454783513,-1.2848882742100054,0.1615485508440262
8192,False,covar_i64,direction_enum_dispatch,26.723347,26.709927,0.31147039902224005,0.05021826045966682,0.9617026896069802
8192,False,covar_i64,direction_bound_dispatch,26.668928,26.801528,-0.12228601684418638,-0.5780166778115658,0.008063691198978429
8192,False,max_i64,actual_amendment,42.534118,42.3338,0.3071398735320585,0.29220851905520373,0.6206488165571011
8192,False,max_i64,full_control,44.744108,42.373482,5.298185852760762,4.901166824314462,5.430084630226128
8192,False,max_i64,binding_dynamic_direction,44.744108,44.7948765,-0.1134641012398907,-0.4596632021286684,0.11789661656772532
8192,False,max_i64,binding_static_direction,42.3216025,42.373482,-0.12317105349681778,-0.3015350455084276,-0.1225839687899466
8192,False,max_i64,direction_enum_dispatch,44.744108,42.3216025,5.414132962489715,5.187061062886366,5.54642409473407
8192,False,max_i64,direction_bound_dispatch,44.7948765,42.373482,5.336301014325462,5.318458296042994,5.405516633135488
8192,False,max_utf8,actual_amendment,92.6611715,92.6591255,0.0022080446068994952,-0.28478255009212194,0.06726065867207476
8192,False,max_utf8,full_control,95.108767,92.50920249999999,2.736253590206461,2.646382688666493,2.8447929516318915
8192,False,max_utf8,binding_dynamic_direction,95.108767,94.99297250000001,0.12174955438124524,0.05608536467275327,0.6153837660170303
8192,False,max_utf8,binding_static_direction,92.5561075,92.50920249999999,0.05067736885976393,0.021573079739467538,0.05851674659829165
8192,False,max_utf8,direction_enum_dispatch,95.108767,92.5561075,2.679304685541606,2.5970214219320886,2.8238290587869863
8192,False,max_utf8,direction_bound_dispatch,94.99297250000001,92.50920249999999,2.591750916946911,2.134002126844503,2.7263627317273387
8192,False,min_i64,actual_amendment,43.067638,40.6000885,5.781775039324111,5.589308148266692,6.342985886368558
8192,False,min_i64,full_control,45.4068985,40.5733575,10.553983706551007,10.500876865659514,10.816982808807719
8192,False,min_i64,binding_dynamic_direction,45.4068985,45.215664000000004,-0.10966725683763112,-0.11579474853891103,0.6128753376356766
8192,False,min_i64,binding_static_direction,40.516148,40.5733575,-0.13048647018734094,-0.1412017252972797,0.07524104641042362
8192,False,min_i64,direction_enum_dispatch,45.4068985,40.516148,10.617508923231112,10.486632912477155,10.942733206023414
8192,False,min_i64,direction_bound_dispatch,45.215664000000004,40.5733575,10.5989205770459,10.2670315756062,10.657437701902307
8192,False,min_utf8,actual_amendment,92.639634,90.9500765,2.183278393428889,1.7489928483535588,2.321145288635329
8192,False,min_utf8,full_control,95.24225,90.454777,5.026627363381264,4.888810431450519,5.172735921317129
8192,False,min_utf8,binding_dynamic_direction,95.24225,95.109973,0.202067884788526,-0.5928350582172115,0.3459534533534425
8192,False,min_utf8,binding_static_direction,90.1778245,90.454777,-0.052122015873212746,-0.5232433681475301,-0.02149491606922016
8192,False,min_utf8,direction_enum_dispatch,95.24225,90.1778245,5.0470374229924175,4.938358475335347,5.666330590432899
8192,False,min_utf8,direction_bound_dispatch,95.109973,90.454777,4.843538857907137,4.834328103134478,5.449339892344495
8192,False,mixed_7,actual_amendment,510.29375000000005,504.556933,1.098631915440873,0.39169916046915,1.6832193924956718
8192,False,mixed_7,full_control,550.2902664999999,543.929183,1.4325938582842257,1.1162048238772537,1.473535534279935
8192,False,mixed_7,binding_dynamic_direction,550.2902664999999,550.60555,0.10734500096487576,-0.05729403538343725,0.1534098621510327
8192,False,mixed_7,binding_static_direction,543.2041664999999,543.929183,-0.010005217378306064,-0.13347034958723913,0.12096633873049933
8192,False,mixed_7,direction_enum_dispatch,550.2902664999999,543.2041664999999,1.4833923350305644,0.9964438467857106,1.563976762618935
8192,False,mixed_7,direction_bound_dispatch,550.60555,543.929183,1.3221539867373844,1.1728268994019464,1.3266729744365602
8192,False,sum_f64,actual_amendment,6.714027,6.709394,-0.0800792084855173,-0.09655903975365199,0.13476326675447847
8192,False,sum_f64,full_control,6.7129395,6.7121505,-0.058491514782743614,-0.1522390481869973,0.10188278129650286
8192,False,sum_f64,binding_dynamic_direction,6.7129395,6.7098565,-0.02813223625803829,-0.11688025263165702,0.13602478703664822
8192,False,sum_f64,binding_static_direction,6.7103525,6.7121505,-0.0970664357796247,-0.1975060137878959,0.053672297455753526
8192,False,sum_f64,direction_enum_dispatch,6.7129395,6.7103525,0.04517773685372983,0.038537514005598794,0.04823637341057063
8192,False,sum_f64,direction_bound_dispatch,6.7098565,6.7121505,-0.034188510588872845,-0.035317516352972866,-0.030350740182760738
8192,False,sum_i64,actual_amendment,14.481873499999999,14.480089,0.012322300702316547,-0.09117326575875939,0.16032012082444203
8192,False,sum_i64,full_control,14.4737125,14.491859,-0.04413034489416656,-0.12537557312957137,0.05365236026099174
8192,False,sum_i64,binding_dynamic_direction,14.4737125,14.483116500000001,-0.06497296391649865,-0.06585557529290575,0.06900821758036857
8192,False,sum_i64,binding_static_direction,14.4751765,14.491859,-0.00013714825868316183,-0.11524902649719948,0.04341243983289056
8192,False,sum_i64,direction_enum_dispatch,14.4737125,14.4751765,-0.010114889320900211,-0.08758080569164495,0.053789434748396925
8192,False,sum_i64,direction_bound_dispatch,14.483116500000001,14.491859,-0.015366461440513568,-0.06036338932990937,0.021710932539209526
8192,False,sum_u64,actual_amendment,14.476946000000002,14.4648585,0.08349481997101948,0.06683293587805839,0.16441211939742795
8192,False,sum_u64,full_control,14.4734665,14.4693985,-0.12092252185336161,-0.7544944084980854,0.028106604592614826
8192,False,sum_u64,binding_dynamic_direction,14.4734665,14.471502000000001,-0.1130265840957323,-0.5851923531140724,0.013573113255205271
8192,False,sum_u64,binding_static_direction,14.4690645,14.4693985,-0.00230837315018384,-0.005668456629326357,0.2788268659883797
8192,False,sum_u64,direction_enum_dispatch,14.4734665,14.4690645,-0.11524753246763275,-1.036210507770341,0.030414275667822732
8192,False,sum_u64,direction_bound_dispatch,14.471502000000001,14.4693985,-0.007887023324570919,-0.16831707672206875,0.0145354642524409
8192,True,avg_i64,actual_amendment,20.394343499999998,18.067208,11.204332220843483,11.042054833710768,11.429232958142787
8192,True,avg_i64,full_control,18.1153585,18.093525,0.003335016263494861,-0.04096723803921343,0.12052480220029471
8192,True,avg_i64,binding_dynamic_direction,18.1153585,18.0935245,0.032270619798324685,-0.28661293747913597,0.12052756228919659
8192,True,avg_i64,binding_static_direction,18.104671500000002,18.093525,0.02433911711295922,-0.27924560796366293,0.2349893249077306
8192,True,avg_i64,direction_enum_dispatch,18.1153585,18.104671500000002,-0.06532225401207903,-0.11473413567830715,0.2817937276192728
8192,True,avg_i64,direction_bound_dispatch,18.0935245,18.093525,-2.7634195820525065e-06,-0.02894494424772187,0.2449436592230292
8192,True,count_distinct_i64,actual_amendment,371.525763,350.8985655,5.552023454158139,-12.828567575985982,7.6996920846929
8192,True,count_distinct_i64,full_control,394.10252649999995,393.1875,0.22216706088534766,-0.40544816495289293,1.0543343122588533
8192,True,count_distinct_i64,binding_dynamic_direction,394.10252649999995,393.20832900000005,-0.032349815140686466,-0.4993035785366029,0.2268946377840364
8192,True,count_distinct_i64,binding_static_direction,391.70723699999996,393.1875,-0.37790034499669556,-0.6730957239692525,-0.18689217723220075
8192,True,count_distinct_i64,direction_enum_dispatch,394.10252649999995,391.70723699999996,0.40829616452610074,0.265858079650394,1.4268426140943258
8192,True,count_distinct_i64,direction_bound_dispatch,393.20832900000005,393.1875,-0.004738327910636109,-0.37297769221826815,1.54591906159961
8192,True,count_i64,actual_amendment,6.3241125,6.471614,-3.1263431579095835,-3.7709006599740302,-0.7811158063086854
8192,True,count_i64,full_control,6.4237855,6.3911625,0.09312784503026084,0.011955567320853788,1.6375030664238288
8192,True,count_i64,binding_dynamic_direction,6.4237855,6.4127545,0.171721175932793,0.14090715822119293,0.6586274051449625
8192,True,count_i64,binding_static_direction,6.431039999999999,6.3911625,0.17840450380588457,0.12474654177239142,1.8854463772959407
8192,True,count_i64,direction_enum_dispatch,6.4237855,6.431039999999999,-0.11293185303276054,-0.2527079844092839,-0.08542906808064465
8192,True,count_i64,direction_bound_dispatch,6.4127545,6.3911625,-0.04784673266222672,-0.16004043192359152,0.9853655488242796
8192,True,count_star,actual_amendment,3.8582625000000004,3.890247,-0.12277792085511052,-0.8289871412326066,0.04653735330779618
8192,True,count_star,full_control,3.8926485,3.836681,0.06820549042637625,-0.008877382429939296,1.4427874307399557
8192,True,count_star,binding_dynamic_direction,3.8926485,3.8301819999999998,0.5300504271063766,-0.13108193850130956,1.609734676155361
8192,True,count_star,binding_static_direction,3.858904,3.836681,0.1270365678149421,0.1259176490219005,0.5758889052435601
8192,True,count_star,direction_enum_dispatch,3.8926485,3.858904,-0.0589059094341593,-0.13496497617684344,0.8719198149734431
8192,True,count_star,direction_bound_dispatch,3.8301819999999998,3.836681,-0.169678621015934,-0.4643059925767412,0.12204457767313048
8192,True,covar_i64,actual_amendment,34.608577,33.880115,2.104859728846964,2.0312458638003794,2.1494279018989926
8192,True,covar_i64,full_control,33.889405499999995,33.900478500000006,-0.032673928139614894,-0.14807869952155883,0.1140411877983305
8192,True,covar_i64,binding_dynamic_direction,33.889405499999995,33.8727475,0.04915400478179288,-0.0660477556916117,0.14018473803620868
8192,True,covar_i64,binding_static_direction,33.9016995,33.900478500000006,-0.0013577800776376492,-0.2892497351393519,0.003601589353929846
8192,True,covar_i64,direction_enum_dispatch,33.889405499999995,33.9016995,0.11539740103304608,-0.0362768240357747,0.14076387647790067
8192,True,covar_i64,direction_bound_dispatch,33.8727475,33.900478500000006,-0.08186817440776206,-0.08197679999337737,-0.026180250954110917
8192,True,max_i64,actual_amendment,46.759409000000005,44.8878975,4.127681382973735,3.6969650322141723,4.405579003091942
8192,True,max_i64,full_control,46.7504285,44.660679,4.966743044987343,4.47001143529625,5.25249996479209
8192,True,max_i64,binding_dynamic_direction,46.7504285,46.9962745,-0.22347356552407938,-0.525868976794519,0.24813941397329176
8192,True,max_i64,binding_static_direction,44.3355935,44.660679,-0.11767565529172686,-0.7332381825451373,0.13716509098827823
8192,True,max_i64,direction_enum_dispatch,46.7504285,44.3355935,5.165375115224869,4.836211547969227,5.363863658374878
8192,True,max_i64,direction_bound_dispatch,46.9962745,44.660679,5.016809231846864,4.969746059339231,5.178643710765196
8192,True,max_utf8,actual_amendment,109.308752,107.4423415,1.6726296148593667,1.3479904152597033,1.8937306903717643
8192,True,max_utf8,full_control,109.87191899999999,107.5623555,2.214327340929545,2.102050752385598,2.6972727000455055
8192,True,max_utf8,binding_dynamic_direction,109.87191899999999,110.19630599999999,0.21807569911944658,-0.29524104334612833,0.5817555652211426
8192,True,max_utf8,binding_static_direction,107.56426049999999,107.5623555,0.0017710343483412494,-0.6333292155214387,0.4099193587674188
8192,True,max_utf8,direction_enum_dispatch,109.87191899999999,107.56426049999999,2.2967682389154254,2.1003169153712586,2.8297350178610348
8192,True,max_utf8,direction_bound_dispatch,110.19630599999999,107.5623555,2.390234841447403,1.6421249288699813,2.484615343206187
8192,True,min_i64,actual_amendment,46.0174295,42.568662,7.401671345634098,6.912966799694331,7.494480977039353
8192,True,min_i64,full_control,46.380224,42.644308499999994,8.02681019361141,7.933660646606233,8.229088113071647
8192,True,min_i64,binding_dynamic_direction,46.380224,46.5477115,-0.2569360006112964,-0.3611183507867599,-0.04008004101563323
8192,True,min_i64,binding_static_direction,42.743311500000004,42.644308499999994,0.23147982159197333,-0.4564156018691534,0.4205500081574387
8192,True,min_i64,direction_enum_dispatch,46.380224,42.743311500000004,7.841515599407178,7.8134168554166,8.351956615421251
8192,True,min_i64,direction_bound_dispatch,46.5477115,42.644308499999994,8.262516813971066,7.970546089480035,8.559297270715449
8192,True,min_utf8,actual_amendment,108.2927075,105.5014855,3.199635893516184,2.5774791899075944,3.7489330343019045
8192,True,min_utf8,full_control,109.84404649999999,105.046945,3.634900889842274,3.264468815989474,4.518038672218793
8192,True,min_utf8,binding_dynamic_direction,109.84404649999999,109.42068549999999,0.2802842737059219,-0.16940242131293637,0.38542006917051674
8192,True,min_utf8,binding_static_direction,105.6985075,105.046945,0.21914961479210238,-0.36031068118367315,0.7731968211566409
8192,True,min_utf8,direction_enum_dispatch,109.84404649999999,105.6985075,3.611765918788412,3.4232533215176386,3.77402247285199
8192,True,min_utf8,direction_bound_dispatch,109.42068549999999,105.046945,3.7978696280470015,2.992572251684311,4.148608171532608
8192,True,mixed_7,actual_amendment,515.9,507.16526650000003,1.693105931382044,1.609467210160831,1.8736089981564508
8192,True,mixed_7,full_control,559.9631835,556.7361000000001,0.576302799021422,0.5100379929024457,1.206159157096376
8192,True,mixed_7,binding_dynamic_direction,559.9631835,558.1986165000001,0.038494338718064736,-0.17286150938835565,0.3151219672998251
8192,True,mixed_7,binding_static_direction,554.9902835,556.7361000000001,-0.314567038721858,-0.8987090804454256,0.01878562333372802
8192,True,mixed_7,direction_enum_dispatch,559.9631835,554.9902835,1.1875966311925112,0.888076242605329,1.3961993034268483
8192,True,mixed_7,direction_bound_dispatch,558.1986165000001,556.7361000000001,0.6817210689611719,0.2620064716695625,1.1681144763214468
8192,True,sum_f64,actual_amendment,9.051278,9.2724105,-1.6847627927145448,-2.5605942055917374,-1.6365422437772503
8192,True,sum_f64,full_control,9.1157755,9.062183000000001,0.03768248583445599,-0.10077584732095524,0.824837896973063
8192,True,sum_f64,binding_dynamic_direction,9.1157755,9.1147545,0.06220344011970136,-0.1378818510833435,0.2495033407740599
8192,True,sum_f64,binding_static_direction,9.115018,9.062183000000001,-0.10085682487608327,-0.10909468308237802,0.738884515770355
8192,True,sum_f64,direction_enum_dispatch,9.1157755,9.115018,0.08659320498606293,0.008309770243908332,0.1383997251421354
8192,True,sum_f64,direction_bound_dispatch,9.1147545,9.062183000000001,0.03705491176413389,-0.02453621665607919,0.5767736256637401
8192,True,sum_i64,actual_amendment,16.854564,16.8451275,-0.03656603209538645,-0.1559190633451779,0.05598780247296764
8192,True,sum_i64,full_control,16.863556000000003,16.875280500000002,-0.06952566825169093,-0.1557907613656706,-0.048974398593903956
8192,True,sum_i64,binding_dynamic_direction,16.863556000000003,16.861921000000002,0.009695463993475428,-0.02603775869298719,0.1442825377357626
8192,True,sum_i64,binding_static_direction,16.858324,16.875280500000002,-0.04555776650094767,-0.2007465273535125,-0.013415808830719023
8192,True,sum_i64,direction_enum_dispatch,16.863556000000003,16.858324,-0.023956987482343095,-0.03555381993065598,0.0448656996538066
8192,True,sum_i64,direction_bound_dispatch,16.861921000000002,16.875280500000002,-0.1297192266934477,-0.1935361752347209,-0.07922881384629932
8192,True,sum_u64,actual_amendment,16.843225,16.8440645,-0.004984199878599327,-0.22283753993839195,0.022855231370288998
8192,True,sum_u64,full_control,16.829950500000002,16.8428055,-0.026171809495911802,-0.0763816863275979,0.5588521853074235
8192,True,sum_u64,binding_dynamic_direction,16.829950500000002,16.8447185,-0.08774832700784163,-0.6811311079409466,0.08736682990969635
8192,True,sum_u64,binding_static_direction,16.8547735,16.8428055,0.07888834091723806,-0.10101885973134994,0.33498949417298807
8192,True,sum_u64,direction_enum_dispatch,16.829950500000002,16.8547735,0.07477151690163941,-0.1553926138998296,0.22461512821628782
8192,True,sum_u64,direction_bound_dispatch,16.8447185,16.8428055,0.011356675387586002,-0.11363792125500538,1.2315945198499767
65536,False,avg_i64,actual_amendment,122.87068550000001,104.804168,14.868158616101567,14.703684142789298,16.926747951662424
65536,False,avg_i64,full_control,104.73154650000001,104.5831855,0.14165836842675583,-0.0005559045003211693,0.19894463450244038
65536,False,avg_i64,binding_dynamic_direction,104.73154650000001,104.772764,-0.03935538180941389,-0.054632158397383,0.08826414140773453
65536,False,avg_i64,binding_static_direction,104.616668,104.5831855,0.03200493825706863,-0.1932280082663551,0.14446657938043117
65536,False,avg_i64,direction_enum_dispatch,104.73154650000001,104.616668,0.10968853591788452,0.05455687156817879,0.19230052529113362
65536,False,avg_i64,direction_bound_dispatch,104.772764,104.5831855,0.11077827058409984,0.05404672700355384,0.18094253960886375
65536,False,count_distinct_i64,actual_amendment,3080.783875,2912.859375,5.476912765224206,-9.905412714238459,6.527190259329707
65536,False,count_distinct_i64,full_control,3172.1639999999998,3167.559875,0.14514145548589763,-0.1711259253643238,0.23945840269443686
65536,False,count_distinct_i64,binding_dynamic_direction,3172.1639999999998,3169.40625,0.09645968022917728,0.08693592134579875,0.7893034111894015
65536,False,count_distinct_i64,binding_static_direction,3164.640625,3167.559875,-0.09224586125005096,-0.8097721580181405,0.12096345420371524
65536,False,count_distinct_i64,direction_enum_dispatch,3172.1639999999998,3164.640625,0.2371685385749167,0.11863845766714176,0.6335161948910706
65536,False,count_distinct_i64,direction_bound_dispatch,3169.40625,3167.559875,0.05825617968665542,-0.9680703488398334,0.14313679175688154
65536,False,count_i64,actual_amendment,31.159483,30.602646,1.5421582274625756,1.4222527231652737,1.7870546825183298
65536,False,count_i64,full_control,30.59694,30.5986625,0.032410275458938376,-0.01342559157992973,0.058971583432854136
65536,False,count_i64,binding_dynamic_direction,30.59694,30.598705000000002,-0.01356450518728014,-0.04168847340200177,0.07485552476816926
65536,False,count_i64,binding_static_direction,30.6348045,30.5986625,0.018836705083746796,-0.056493515369115954,0.18249830841911008
65536,False,count_i64,direction_enum_dispatch,30.59694,30.6348045,0.01357612767032279,-0.12375257133556694,0.04304360694247222
65536,False,count_i64,direction_bound_dispatch,30.598705000000002,30.5986625,0.00013889476696560266,-0.015895840249946502,0.07406787109620616
65536,False,count_star,actual_amendment,31.310386,31.075741999999998,1.5893031745167097,0.7494126709265192,1.6109815952536466
65536,False,count_star,full_control,31.101967000000002,30.574185999999997,0.28769075827390633,0.1532227552406007,1.7530933011407401
65536,False,count_star,binding_dynamic_direction,31.101967000000002,30.5780395,0.1425097607504644,0.14063829735470046,1.7124576075847608
65536,False,count_star,binding_static_direction,30.6984555,30.574185999999997,0.1354284335290945,-0.01592446386928792,0.46170075233916696
65536,False,count_star,direction_enum_dispatch,31.101967000000002,30.6984555,0.16912028761079112,0.15246881086699027,1.297382573906014
65536,False,count_star,direction_bound_dispatch,30.5780395,30.574185999999997,0.041343686663497525,0.01260218137922875,0.14538818988500957
65536,False,covar_i64,actual_amendment,208.1132945,202.37242500000002,2.758530882802379,2.7145420517921126,3.004474219806308
65536,False,covar_i64,full_control,202.660103,202.79195900000002,-0.06506263346763852,-0.5305676192715714,-0.025084472945891
65536,False,covar_i64,binding_dynamic_direction,202.660103,202.40725350000002,0.12476530716061252,-0.47787748393122165,0.28113634139180776
65536,False,covar_i64,binding_static_direction,201.6286625,202.79195900000002,-0.37518445104567366,-1.8570596330767186,-0.24528721654530905
65536,False,covar_i64,direction_enum_dispatch,202.660103,201.6286625,0.3089626378014687,0.21966393604494483,1.3023073889857129
65536,False,covar_i64,direction_bound_dispatch,202.40725350000002,202.79195900000002,-0.19006507590400012,-0.8139923890852607,0.45063950625126026
65536,False,max_i64,actual_amendment,336.31793500000003,337.7486,-0.7393300136410152,-0.770065807287823,0.5565645792871554
65536,False,max_i64,full_control,356.6939775,336.6601885,5.612367677275987,4.922378606648059,6.207060766178618
65536,False,max_i64,binding_dynamic_direction,356.6939775,356.8574,-0.045815884289757136,-0.16277710209400276,0.20778790761013521
65536,False,max_i64,binding_static_direction,339.64444449999996,336.6601885,0.8786411932611315,-0.47140356703678776,0.9243820630093658
65536,False,max_i64,direction_enum_dispatch,356.6939775,339.64444449999996,5.368474991081406,4.731724829864847,5.375652268151942
65536,False,max_i64,direction_bound_dispatch,356.8574,336.6601885,5.655592401894993,5.076891691570074,6.011764578396372
65536,False,max_utf8,actual_amendment,737.736095,736.580357,0.169972976583177,0.01575893295074904,0.2866726619114135
65536,False,max_utf8,full_control,757.3769765,736.5039764999999,2.62858749025604,2.443515080258263,2.7559591389295535
65536,False,max_utf8,binding_dynamic_direction,757.3769765,755.1567379999999,0.148780485722122,-0.02392266569355428,0.29314840150809207
65536,False,max_utf8,binding_static_direction,737.2639045000001,736.5039764999999,0.09648461813601683,-0.016039306037107792,0.10307408179918154
65536,False,max_utf8,direction_enum_dispatch,757.3769765,737.2639045000001,2.6442026845323263,2.349297172528042,2.6556223154480696
65536,False,max_utf8,direction_bound_dispatch,755.1567379999999,736.5039764999999,2.4700516543626483,2.46684761024486,2.4835019708290385
65536,False,min_i64,actual_amendment,336.815094,316.38844800000004,5.685853182015499,5.61807416065585,6.064646853385957
65536,False,min_i64,full_control,353.91448949999995,316.799479,10.497295397314621,10.288969107270407,10.671080478608086
65536,False,min_i64,binding_dynamic_direction,353.91448949999995,356.51953149999997,-0.4948261031777701,-0.7360653709545417,-0.2168560341054837
65536,False,min_i64,binding_static_direction,316.34939599999996,316.799479,-0.21118129126800333,-0.24717117465851146,-0.14227401907227488
65536,False,min_i64,direction_enum_dispatch,353.91448949999995,316.34939599999996,10.685910045764235,10.416423262323793,10.89133142145624
65536,False,min_i64,direction_bound_dispatch,356.51953149999997,316.799479,10.730696921030026,10.690967423458087,11.323795313581575
65536,False,min_utf8,actual_amendment,737.534714,718.0575235,2.560508960868746,2.425398663237932,2.814366240122501
65536,False,min_utf8,full_control,756.730143,719.0188575,4.829242420823476,4.799055578700684,5.271083935135379
65536,False,min_utf8,binding_dynamic_direction,756.730143,756.9623095,-0.1930279053885542,-0.5932765875364066,0.24581008397863702
65536,False,min_utf8,binding_static_direction,717.255952,719.0188575,0.05767676083362483,-0.2628419776404378,0.2391214150704868
65536,False,min_utf8,direction_enum_dispatch,756.730143,717.255952,5.078735350030761,4.570864078495651,5.21641583398641
65536,False,min_utf8,direction_bound_dispatch,756.9623095,719.0188575,5.037656919862011,5.012594619811783,5.360529400336889
65536,False,mixed_7,actual_amendment,3999.1745,3960.653625,1.069425390164891,0.8691663599843413,1.330722754795588
65536,False,mixed_7,full_control,4035.8463125,3952.263,1.3817662913697348,1.212849023560747,2.0808956411419333
65536,False,mixed_7,binding_dynamic_direction,4035.8463125,4010.138,0.30451930517845227,0.009504381201053125,0.6369992935651436
65536,False,mixed_7,binding_static_direction,3953.7344375000002,3952.263,-0.16347710389177372,-0.17665965352076096,0.047293894659816704
65536,False,mixed_7,direction_enum_dispatch,4035.8463125,3953.7344375000002,1.5556776900732983,1.3740798215550853,2.034563971023351
65536,False,mixed_7,direction_bound_dispatch,4010.138,3952.263,1.20345902369291,1.0805374312691796,1.453152921420664
65536,False,sum_f64,actual_amendment,52.095408500000005,52.0716815,0.10732257684468172,0.045545280636405394,0.4150549969116013
65536,False,sum_f64,full_control,52.151412,52.150519,-0.030877399829543073,-0.7480949913250212,0.08273029278877964
65536,False,sum_f64,binding_dynamic_direction,52.151412,52.170413499999995,-0.08775313696203213,-0.10317695171067065,0.04461362280531178
65536,False,sum_f64,binding_static_direction,52.111664000000005,52.150519,-0.0745610426103438,-0.9327682671363524,-0.05716207876553803
65536,False,sum_f64,direction_enum_dispatch,52.151412,52.111664000000005,0.15717414471809743,0.026269662650746373,0.1829666212290526
65536,False,sum_f64,direction_bound_dispatch,52.170413499999995,52.150519,0.03813368280086715,-0.6442533186788557,0.05682587064839151
65536,False,sum_i64,actual_amendment,114.513102,114.257735,0.26973443021576227,-0.024805458505516853,0.30865712501121356
65536,False,sum_i64,full_control,114.341068,114.3584245,-0.047621559735655516,-0.6597014883924279,0.07722888878585188
65536,False,sum_i64,binding_dynamic_direction,114.341068,114.445864,-0.091652108759388,-0.09956983467005465,0.3009964162024148
65536,False,sum_i64,binding_static_direction,114.444443,114.3584245,0.05722472206890483,-0.7634215113072162,0.07516179706515969
65536,False,sum_i64,direction_enum_dispatch,114.341068,114.444443,0.0020686465526220665,-0.10490631415125407,0.10293420108123952
65536,False,sum_i64,direction_bound_dispatch,114.445864,114.3584245,0.043990231049317874,-0.963598300947277,0.1766228603658604
65536,False,sum_u64,actual_amendment,114.27493899999999,114.378159,-0.04636144491769745,-0.09032601627554371,0.062460720673362946
65536,False,sum_u64,full_control,114.53377649999999,114.444443,0.07799751543159372,-0.36950163860962615,12.094862173231613
65536,False,sum_u64,binding_dynamic_direction,114.53377649999999,114.515784,-0.026044282229720217,-0.412124875509412,12.06618676623128
65536,False,sum_u64,binding_static_direction,114.225379,114.444443,-0.02661781168482591,-0.21168237927229328,0.13901085416506698
65536,False,sum_u64,direction_enum_dispatch,114.53377649999999,114.225379,0.10458748821575714,-0.1574858894594966,11.972494385777077
65536,False,sum_u64,direction_bound_dispatch,114.515784,114.444443,0.042448296909003425,0.03261021664567876,0.10401470777725574
65536,True,avg_i64,actual_amendment,156.1188855,138.992546,10.96185376180998,10.836890862542624,10.970062619361965
65536,True,avg_i64,full_control,138.97285799999997,138.7536285,0.02998103413830444,-0.036020657776347775,0.2895393889909337
65536,True,avg_i64,binding_dynamic_direction,138.97285799999997,139.04720650000002,0.07856978825532268,-0.10012494670004202,0.08357469357866965
65536,True,avg_i64,binding_static_direction,138.84250450000002,138.7536285,0.064012097966748,-0.12244908311647151,0.07134950854990052
65536,True,avg_i64,direction_enum_dispatch,138.97285799999997,138.84250450000002,0.08632272395611151,-0.04139801168947521,0.225671748244749
65536,True,avg_i64,direction_bound_dispatch,139.04720650000002,138.7536285,0.12997584259524242,-0.11969538640745903,0.2111354894425932
65536,True,count_distinct_i64,actual_amendment,2909.6431875,2785.260375,6.06782304986665,-12.117648228756739,6.425802545782355
65536,True,count_distinct_i64,full_control,3117.1224375,3147.1016250000002,0.1554314542552282,-1.1184855006196592,0.23255731013849257
65536,True,count_distinct_i64,binding_dynamic_direction,3117.1224375,3146.1224375,-0.11664334935639342,-1.8733042628518826,0.2635988983772819
65536,True,count_distinct_i64,binding_static_direction,3142.5077499999998,3147.1016250000002,-0.035138394378875226,-0.30164603412674573,1.1362290995735602
65536,True,count_distinct_i64,direction_enum_dispatch,3117.1224375,3142.5077499999998,-0.8143829127340574,-0.9140575776188431,0.1905029089706356
65536,True,count_distinct_i64,direction_bound_dispatch,3146.1224375,3147.1016250000002,0.2717578161926748,-0.0311236297840356,0.7409387255022493
65536,True,count_i64,actual_amendment,51.261069500000005,51.734286499999996,-1.3948481534525436,-1.754675250249682,-0.42170989038767814
65536,True,count_i64,full_control,51.059681499999996,51.0075645,0.10207075028463297,-0.10643608182190345,0.29299681736502103
65536,True,count_i64,binding_dynamic_direction,51.059681499999996,51.213806500000004,-0.026255549596410077,-0.6629037145290395,0.06370065422494076
65536,True,count_i64,binding_static_direction,51.6736805,51.0075645,0.20892584630615163,-0.05543622227008882,1.437841262342443
65536,True,count_i64,direction_enum_dispatch,51.059681499999996,51.6736805,0.08424698478481929,-1.566805520437864,0.15741970501714775
65536,True,count_i64,direction_bound_dispatch,51.213806500000004,51.0075645,0.22944231939859838,0.12829261594964336,0.5528030805521222
65536,True,count_star,actual_amendment,31.6153385,31.1392265,1.5666216197911975,1.434574233642938,1.6141146444991872
65536,True,count_star,full_control,31.1208595,31.1177535,0.09242581505694014,0.009980444145518685,0.09625168996663103
65536,True,count_star,binding_dynamic_direction,31.1208595,31.104548,0.14124576737840622,-0.07068410176780393,0.3223859731812717
65536,True,count_star,binding_static_direction,31.102261499999997,31.1177535,-0.05241258742552102,-0.14809657344554417,0.06261310909944084
65536,True,count_star,direction_enum_dispatch,31.1208595,31.102261499999997,0.1485863994156622,-0.05266564054888789,0.24016670983466604
65536,True,count_star,direction_bound_dispatch,31.104548,31.1177535,-0.045057719533492246,-0.23070391518649203,0.08060756917710465
65536,True,covar_i64,actual_amendment,269.558842,264.034351,2.0642170727040443,2.049456422579532,2.1705103240048707
65536,True,covar_i64,full_control,264.2587805,264.789842,-0.10289048201486128,-0.20096266962075227,-0.02261185585827885
65536,True,covar_i64,binding_dynamic_direction,264.2587805,264.108921,0.025605991295085673,-0.16959615994029953,0.056709373938845786
65536,True,covar_i64,binding_static_direction,264.3019035,264.789842,-0.14016473564246734,-0.23411882086579183,0.28109562470262084
65536,True,covar_i64,direction_enum_dispatch,264.2587805,264.3019035,-0.0607128359922271,-0.30456359550228296,0.1309218262151135
65536,True,covar_i64,direction_bound_dispatch,264.108921,264.789842,-0.04823019697339781,-0.2578182506754567,0.06659273919694675
65536,True,max_i64,actual_amendment,365.9389535,352.248558,4.455007163326985,3.4974285676859673,4.468059299223571
65536,True,max_i64,full_control,369.4447675,352.0247205,4.8531868635470765,4.715196568591273,5.128275766780332
65536,True,max_i64,binding_dynamic_direction,369.4447675,369.960756,-0.13966593802143823,-0.42498026473414274,0.31120623862159746
65536,True,max_i64,binding_static_direction,351.75291849999996,352.0247205,-0.13826962520604447,-0.1574633432992245,-0.07727071637646521
65536,True,max_i64,direction_enum_dispatch,369.4447675,351.75291849999996,5.002772673736578,4.788766970424085,5.25927341434781
65536,True,max_i64,direction_bound_dispatch,369.960756,352.0247205,4.8480913743186305,4.8321073476816245,5.255830884275259
65536,True,max_utf8,actual_amendment,863.5914445,846.1608885,1.5211946868724513,1.2576557256811394,2.200384582434345
65536,True,max_utf8,full_control,866.469889,844.8391389999999,2.4947439097404933,2.136280731221729,2.5051040175269157
65536,True,max_utf8,binding_dynamic_direction,866.469889,864.224528,0.051918804511585925,0.03137575384615232,0.2591389531829469
65536,True,max_utf8,binding_static_direction,851.5601664999999,844.8391389999999,0.48792123267705767,0.1187398652434668,0.7980938713858854
65536,True,max_utf8,direction_enum_dispatch,866.469889,851.5601664999999,1.7207432929039812,1.6564416289592598,2.378828662445187
65536,True,max_utf8,direction_bound_dispatch,864.224528,844.8391389999999,2.251800356214839,2.1055656144598367,2.4440940496406216
65536,True,min_i64,actual_amendment,362.4884225,337.644911,7.4610804280464516,6.85360137260661,7.642173186871004
65536,True,min_i64,full_control,368.5495335,335.093978,8.119892993862809,8.029974410855012,9.196083407876564
65536,True,min_i64,binding_dynamic_direction,368.5495335,369.638422,-0.09951951502531475,-0.29545241576054426,0.02771631510917194
65536,True,min_i64,binding_static_direction,338.738889,335.093978,0.03521815692811847,-0.3585725576285004,1.204903875090635
65536,True,min_i64,direction_enum_dispatch,368.5495335,338.738889,8.08863986799756,8.087523113516404,8.358575410851522
65536,True,min_i64,direction_bound_dispatch,369.638422,335.093978,8.21124072194409,8.004476641714698,9.463575461319317
65536,True,min_utf8,actual_amendment,873.9407894999999,841.572368,3.3381958779850063,2.973100510360882,3.703731635929086
65536,True,min_utf8,full_control,874.9133684999999,842.2851055,3.4737018149565424,3.295527446778601,3.729313572604298
65536,True,min_utf8,binding_dynamic_direction,874.9133684999999,874.5657894999999,0.03972724757833612,-0.20207518696291338,0.2595892237802322
65536,True,min_utf8,binding_static_direction,840.3519735,842.2851055,-0.23003837212980383,-0.2688887369282522,0.6260074379855318
65536,True,min_utf8,direction_enum_dispatch,874.9133684999999,840.3519735,3.554857572081682,2.8656334555481444,3.950264819847693
65536,True,min_utf8,direction_bound_dispatch,874.5657894999999,842.2851055,3.6683641482084917,3.0438397028561326,3.6910526786618547
65536,True,mixed_7,actual_amendment,4060.6119375,4010.984375,1.478508681057622,1.2183700068643777,1.6230301379202006
65536,True,mixed_7,full_control,4123.4791875,4074.622375,1.2440513774033324,1.1848444063475738,1.7450339827528083
65536,True,mixed_7,binding_dynamic_direction,4123.4791875,4121.65625,0.04420872319487179,-0.09029453738900184,0.2638405951079448
65536,True,mixed_7,binding_static_direction,4081.10675,4074.622375,0.15888765957911,-0.16063822287670781,0.5412364167171946
65536,True,mixed_7,direction_enum_dispatch,4123.4791875,4081.10675,1.210348412412754,1.0275894596109225,1.4024367508065683
65536,True,mixed_7,direction_bound_dispatch,4121.65625,4074.622375,1.3331421602460147,1.1411401666502452,1.4851117152323456
65536,True,sum_f64,actual_amendment,69.9261205,71.0446555,-1.6167459563821929,-1.6288184118625981,-1.599595390108921
65536,True,sum_f64,full_control,69.8384465,70.092206,0.09446334673944845,-0.36335215446121616,0.11122273859484055
65536,True,sum_f64,binding_dynamic_direction,69.8384465,69.973282,-0.08741818161719372,-0.19570107719000251,-0.07114734877990969
65536,True,sum_f64,binding_static_direction,69.90808100000001,70.092206,-0.05729443144149027,-0.2633815681480245,0.10067588710201969
65536,True,sum_f64,direction_enum_dispatch,69.8384465,69.90808100000001,-0.0062188011958452805,-0.099707973888008,0.16842067436851904
65536,True,sum_f64,direction_bound_dispatch,69.973282,70.092206,0.18224042814172225,-0.2756929670653774,0.2895976781537857
65536,True,sum_i64,actual_amendment,133.187504,133.1653805,-0.015225902874504982,-0.10836914449192658,0.1147793531354302
65536,True,sum_i64,full_control,133.18251750000002,133.21146449999998,0.02526326374661103,-0.022565649429173718,0.05187663987664681
65536,True,sum_i64,binding_dynamic_direction,133.18251750000002,133.20907549999998,-0.004286069947778692,-0.01994105570197746,-0.004253284453592521
65536,True,sum_i64,binding_static_direction,133.187128,133.21146449999998,0.05297995573462222,-0.01827241143002034,0.08421423344638912
65536,True,sum_i64,direction_enum_dispatch,133.18251750000002,133.187128,-0.027731384063023334,-0.10686988252792684,0.07013623572510452
65536,True,sum_i64,direction_bound_dispatch,133.20907549999998,133.21146449999998,0.029515292830839535,-0.0026240704598556874,0.05616030275457096
65536,True,sum_u64,actual_amendment,133.16150449999998,132.837761,0.029807866013653594,-0.003175151668388665,0.2431209389046618
65536,True,sum_u64,full_control,133.2420705,133.184553,0.04316767203044192,0.0025521388106408693,0.17256742613278586
65536,True,sum_u64,binding_dynamic_direction,133.2420705,133.25553100000002,0.2116628917534391,-0.03915992884542252,0.21495240798994342
65536,True,sum_u64,binding_static_direction,133.1163315,133.184553,-0.04907310810262633,-0.05124953432178447,0.020186134670874267
65536,True,sum_u64,direction_enum_dispatch,133.2420705,133.1163315,0.09436884275977331,0.05159992522618673,0.15241205756511
65536,True,sum_u64,direction_bound_dispatch,133.25553100000002,133.184553,-0.042476285655990154,-0.20955430163744904,0.08229537406594378
