process,variant,case,batch_rows,columns,sample,loops,ns_per_run
2,eager_context,count_star,128,3,0,4,4867395.750
2,eager_context,count_star,128,3,1,4,4834437.500
2,eager_context,count_star,128,3,2,4,4812979.250
2,eager_context,count_star,128,3,3,4,4844593.750
2,eager_context,count_star,128,3,4,4,4923437.500
2,eager_context,count_star,128,3,5,4,4812552.000
2,eager_context,count_star,128,3,6,4,4815031.250
2,eager_context,count_star,128,3,7,4,4834416.500
2,eager_context,sum,128,3,0,4,6368729.250
2,eager_context,sum,128,3,1,4,6377979.250
2,eager_context,sum,128,3,2,4,6360593.750
2,eager_context,sum,128,3,3,4,6377864.500
2,eager_context,sum,128,3,4,4,6363833.250
2,eager_context,sum,128,3,5,4,6397822.750
2,eager_context,sum,128,3,6,4,6350166.500
2,eager_context,sum,128,3,7,4,6311291.500
2,eager_context,mixed,128,3,0,2,12554750.000
2,eager_context,mixed,128,3,1,2,12572562.500
2,eager_context,mixed,128,3,2,2,12549208.000
2,eager_context,mixed,128,3,3,2,12564667.000
2,eager_context,mixed,128,3,4,2,12708104.500
2,eager_context,mixed,128,3,5,2,12654791.500
2,eager_context,mixed,128,3,6,2,12658854.000
2,eager_context,mixed,128,3,7,2,12613854.000
2,eager_context,filtered_sum,128,3,0,1,22241750.000
2,eager_context,filtered_sum,128,3,1,1,22145125.000
2,eager_context,filtered_sum,128,3,2,1,22097083.000
2,eager_context,filtered_sum,128,3,3,1,22175833.000
2,eager_context,filtered_sum,128,3,4,1,22245791.000
2,eager_context,filtered_sum,128,3,5,1,22113791.000
2,eager_context,filtered_sum,128,3,6,1,22109791.000
2,eager_context,filtered_sum,128,3,7,1,22126125.000
2,eager_context,count_star,128,32,0,3,7254986.000
2,eager_context,count_star,128,32,1,3,7219083.333
2,eager_context,count_star,128,32,2,3,7295916.667
2,eager_context,count_star,128,32,3,3,7194444.667
2,eager_context,count_star,128,32,4,3,7243416.667
2,eager_context,count_star,128,32,5,3,7281805.333
2,eager_context,count_star,128,32,6,3,7194555.333
2,eager_context,count_star,128,32,7,3,7223152.667
2,eager_context,sum,128,32,0,3,9077347.000
2,eager_context,sum,128,32,1,3,9069069.333
2,eager_context,sum,128,32,2,3,8952805.667
2,eager_context,sum,128,32,3,3,8924111.000
2,eager_context,sum,128,32,4,3,8883889.000
2,eager_context,sum,128,32,5,3,8931527.667
2,eager_context,sum,128,32,6,3,8935402.667
2,eager_context,sum,128,32,7,3,8912805.333
2,eager_context,mixed,128,32,0,2,20312229.000
2,eager_context,mixed,128,32,1,2,19339208.500
2,eager_context,mixed,128,32,2,2,19108625.000
2,eager_context,mixed,128,32,3,2,19132667.000
2,eager_context,mixed,128,32,4,2,19086104.500
2,eager_context,mixed,128,32,5,2,19071250.000
2,eager_context,mixed,128,32,6,2,19091396.000
2,eager_context,mixed,128,32,7,2,19199104.500
2,eager_context,filtered_sum,128,32,0,1,119308958.000
2,eager_context,filtered_sum,128,32,1,1,119917958.000
2,eager_context,filtered_sum,128,32,2,1,121234167.000
2,eager_context,filtered_sum,128,32,3,1,119833709.000
2,eager_context,filtered_sum,128,32,4,1,120015125.000
2,eager_context,filtered_sum,128,32,5,1,119703292.000
2,eager_context,filtered_sum,128,32,6,1,119947917.000
2,eager_context,filtered_sum,128,32,7,1,119755417.000
2,eager_context,count_star,2048,3,0,7,3220029.857
2,eager_context,count_star,2048,3,1,7,3246476.143
2,eager_context,count_star,2048,3,2,7,3233446.429
2,eager_context,count_star,2048,3,3,7,3255666.571
2,eager_context,count_star,2048,3,4,7,3204357.143
2,eager_context,count_star,2048,3,5,7,3230559.571
2,eager_context,count_star,2048,3,6,7,3208482.143
2,eager_context,count_star,2048,3,7,7,3234113.143
2,eager_context,sum,2048,3,0,5,4710500.000
2,eager_context,sum,2048,3,1,5,4732791.600
2,eager_context,sum,2048,3,2,5,4645375.000
2,eager_context,sum,2048,3,3,5,4649858.200
2,eager_context,sum,2048,3,4,5,4644716.800
2,eager_context,sum,2048,3,5,5,4635366.600
2,eager_context,sum,2048,3,6,5,4648616.600
2,eager_context,sum,2048,3,7,5,4646266.600
2,eager_context,mixed,2048,3,0,3,7724639.000
2,eager_context,mixed,2048,3,1,3,7642486.000
2,eager_context,mixed,2048,3,2,3,7641291.667
2,eager_context,mixed,2048,3,3,3,7683680.333
2,eager_context,mixed,2048,3,4,3,7664263.667
2,eager_context,mixed,2048,3,5,3,7672555.333
2,eager_context,mixed,2048,3,6,3,7726611.333
2,eager_context,mixed,2048,3,7,3,7671264.000
2,eager_context,filtered_sum,2048,3,0,2,13482416.500
2,eager_context,filtered_sum,2048,3,1,2,13551020.500
2,eager_context,filtered_sum,2048,3,2,2,13475333.000
2,eager_context,filtered_sum,2048,3,3,2,13524020.500
2,eager_context,filtered_sum,2048,3,4,2,13460687.500
2,eager_context,filtered_sum,2048,3,5,2,13458562.500
2,eager_context,filtered_sum,2048,3,6,2,13461354.500
2,eager_context,filtered_sum,2048,3,7,2,13583333.500
2,eager_context,count_star,2048,32,0,6,3374791.667
2,eager_context,count_star,2048,32,1,6,3358777.667
2,eager_context,count_star,2048,32,2,6,3350562.500
2,eager_context,count_star,2048,32,3,6,3347645.833
2,eager_context,count_star,2048,32,4,6,3375333.333
2,eager_context,count_star,2048,32,5,6,3352416.667
2,eager_context,count_star,2048,32,6,6,3389083.333
2,eager_context,count_star,2048,32,7,6,3346027.833
2,eager_context,sum,2048,32,0,5,4794825.000
2,eager_context,sum,2048,32,1,5,4797841.600
2,eager_context,sum,2048,32,2,5,4813558.200
2,eager_context,sum,2048,32,3,5,4807866.600
2,eager_context,sum,2048,32,4,5,4773075.000
2,eager_context,sum,2048,32,5,5,4815458.200
2,eager_context,sum,2048,32,6,5,4788108.400
2,eager_context,sum,2048,32,7,5,4781041.600
2,eager_context,mixed,2048,32,0,3,8062305.667
2,eager_context,mixed,2048,32,1,3,8074277.667
2,eager_context,mixed,2048,32,2,3,8044361.000
2,eager_context,mixed,2048,32,3,3,7996680.667
2,eager_context,mixed,2048,32,4,3,8025833.333
2,eager_context,mixed,2048,32,5,3,7997847.333
2,eager_context,mixed,2048,32,6,3,8047680.667
2,eager_context,mixed,2048,32,7,3,8042180.667
2,eager_context,filtered_sum,2048,32,0,1,70694625.000
2,eager_context,filtered_sum,2048,32,1,1,70821125.000
2,eager_context,filtered_sum,2048,32,2,1,70831458.000
2,eager_context,filtered_sum,2048,32,3,1,70865125.000
2,eager_context,filtered_sum,2048,32,4,1,70889042.000
2,eager_context,filtered_sum,2048,32,5,1,71901541.000
2,eager_context,filtered_sum,2048,32,6,1,71242875.000
2,eager_context,filtered_sum,2048,32,7,1,71405208.000
2,eager_context,count_star,8192,3,0,7,3139333.429
2,eager_context,count_star,8192,3,1,7,3123482.143
2,eager_context,count_star,8192,3,2,7,3189214.286
2,eager_context,count_star,8192,3,3,7,3182476.286
2,eager_context,count_star,8192,3,4,7,3189875.000
2,eager_context,count_star,8192,3,5,7,3151000.000
2,eager_context,count_star,8192,3,6,7,3149744.143
2,eager_context,count_star,8192,3,7,7,3139845.143
2,eager_context,sum,8192,3,0,5,4576975.000
2,eager_context,sum,8192,3,1,5,4576033.200
2,eager_context,sum,8192,3,2,5,4594233.200
2,eager_context,sum,8192,3,3,5,4620158.400
2,eager_context,sum,8192,3,4,5,4595408.200
2,eager_context,sum,8192,3,5,5,4590050.000
2,eager_context,sum,8192,3,6,5,4564991.600
2,eager_context,sum,8192,3,7,5,4575825.000
2,eager_context,mixed,8192,3,0,3,7518958.333
2,eager_context,mixed,8192,3,1,3,7536263.667
2,eager_context,mixed,8192,3,2,3,7509486.333
2,eager_context,mixed,8192,3,3,3,7464208.333
2,eager_context,mixed,8192,3,4,3,7507014.000
2,eager_context,mixed,8192,3,5,3,7474264.000
2,eager_context,mixed,8192,3,6,3,7476777.667
2,eager_context,mixed,8192,3,7,3,7544472.000
2,eager_context,filtered_sum,8192,3,0,2,13039666.500
2,eager_context,filtered_sum,8192,3,1,2,13110729.000
2,eager_context,filtered_sum,8192,3,2,2,13027041.500
2,eager_context,filtered_sum,8192,3,3,2,13029271.000
2,eager_context,filtered_sum,8192,3,4,2,13220937.500
2,eager_context,filtered_sum,8192,3,5,2,13430687.500
2,eager_context,filtered_sum,8192,3,6,2,13422562.500
2,eager_context,filtered_sum,8192,3,7,2,13188333.500
2,eager_context,count_star,8192,32,0,7,3174172.571
2,eager_context,count_star,8192,32,1,7,3173273.714
2,eager_context,count_star,8192,32,2,7,3203494.000
2,eager_context,count_star,8192,32,3,7,3175410.714
2,eager_context,count_star,8192,32,4,7,3184023.857
2,eager_context,count_star,8192,32,5,7,3169446.429
2,eager_context,count_star,8192,32,6,7,3216416.714
2,eager_context,count_star,8192,32,7,7,3215601.143
2,eager_context,sum,8192,32,0,5,4638216.600
2,eager_context,sum,8192,32,1,5,4645591.600
2,eager_context,sum,8192,32,2,5,4643916.800
2,eager_context,sum,8192,32,3,5,4652275.000
2,eager_context,sum,8192,32,4,5,4667191.600
2,eager_context,sum,8192,32,5,5,4675016.600
2,eager_context,sum,8192,32,6,5,4677358.400
2,eager_context,sum,8192,32,7,5,4718200.000
2,eager_context,mixed,8192,32,0,3,7575264.000
2,eager_context,mixed,8192,32,1,3,7595430.667
2,eager_context,mixed,8192,32,2,3,7545583.333
2,eager_context,mixed,8192,32,3,3,7576944.667
2,eager_context,mixed,8192,32,4,3,7604361.000
2,eager_context,mixed,8192,32,5,3,7671125.000
2,eager_context,mixed,8192,32,6,3,7710583.333
2,eager_context,mixed,8192,32,7,3,7542639.000
2,eager_context,filtered_sum,8192,32,0,1,68291500.000
2,eager_context,filtered_sum,8192,32,1,1,68380209.000
2,eager_context,filtered_sum,8192,32,2,1,68275292.000
2,eager_context,filtered_sum,8192,32,3,1,68394042.000
2,eager_context,filtered_sum,8192,32,4,1,68305125.000
2,eager_context,filtered_sum,8192,32,5,1,68655166.000
2,eager_context,filtered_sum,8192,32,6,1,68386166.000
2,eager_context,filtered_sum,8192,32,7,1,68632375.000
