case,batch_rows,columns,main_ms,pr8_ms,full_pr_reduction_pct,ci95_low,ci95_high,context_reduction_pct,validation_reduction_pct,cast_reduction_pct,arg_vec_reduction_pct
count_star,128,3,5.30958638028156,4.452310922458428,16.14580489747446,13.655515777076365,17.891699194243206,9.32047023727801,5.550509423160732,-31.55877761596162,-3.158216951571524
count_star,128,32,7.964409071960955,5.3008643712353996,33.443092596821444,31.277658437755427,35.23908154328935,27.860287653059157,4.685081673382896,-22.4856600572108,-1.5435994471871162
count_star,2048,3,3.6277616469932097,3.3113287660219224,8.722537800507224,3.4977115072037934,12.130644603663276,-1.5503833403146983,7.866192916569615,-43.485734798767254,-2.9662661203588403
count_star,2048,32,3.7746471670312243,3.3786629738471228,10.490628015321112,5.922209004648893,13.634681868807942,1.2743180320709757,7.377837700164102,-42.39642810622672,-2.7965825280447554
count_star,8192,3,3.5420005715969993,3.262706423707592,7.885209001066862,2.1845191998104085,11.783043296345264,-3.125443881169332,7.783925947197257,-44.06886336269211,-2.666130113483911
count_star,8192,32,3.6057087557315777,3.2989948699862324,8.506341097511017,2.8290824060723807,12.730631022202022,-3.0304847937706825,7.397111777929755,-44.765383184986064,-2.817615654010841
filtered_sum,128,3,23.998057436054903,22.32301875156154,6.979892805726584,4.471835490593589,9.06496610494596,-0.21711414786944605,1.4722354423719164,1.1937685987188362,-0.27297271967152703
filtered_sum,128,32,121.08766335092541,118.58302240535622,2.068452620404704,1.1362836941996024,2.953044536791205,1.3252226062421157,0.03514068505721113,0.854489367733724,0.3024343320809031
filtered_sum,2048,3,14.071255587699861,13.615812435358446,3.236691633542199,2.157358301649004,4.117769008156369,0.38329483300018063,2.3337661849825775,-6.9460207337310065,-0.3191328618195932
filtered_sum,2048,32,71.34706154861617,71.10194165022865,0.34355990711774087,0.04746173853924507,0.5808247881158746,-0.0720931301276817,0.36940536139453695,-1.343777951156211,-0.2009958350851493
filtered_sum,8192,3,13.519196270154236,13.185292754876906,2.4698473829726786,0.8729819724402677,3.8573340484152285,-0.4186641389545054,2.0445359565765875,-7.337991568069224,-0.7041702370040204
filtered_sum,8192,32,68.94229763876999,68.65484624285095,0.416944902859373,-0.1912904616314215,0.8114191005985871,-0.15285882690565522,0.1551928900596744,-1.4208765274539292,-0.34424920972280226
mixed,128,3,15.880972974804713,11.888480946198353,25.14009711458163,23.898797169472306,26.238122204754145,6.142136244998076,9.161371567022591,0.21912352748986175,4.437214258522781
mixed,128,32,22.532573314238995,16.042870122725944,28.801429384064004,28.061221328893904,29.349010514065622,16.637555262240966,5.733593916419699,4.265939674898577,4.034670181228838
mixed,2048,3,8.877066960602843,7.762421571789443,12.556460301136562,10.704971230503768,13.6112353942899,0.09008382115917035,10.801713809391355,-13.132956155496455,-0.5446061492864196
mixed,2048,32,9.283585795775103,8.000134385579521,13.824953400868656,11.938909987054103,15.14339354903289,0.8968393823606924,10.31129515649628,-12.75038630990759,-0.755932294131445
mixed,8192,3,8.58079526168667,7.629408587285903,11.087395111834475,8.540595717857236,12.658281680291317,-1.3183916834344167,10.683484396175725,-15.043592012353546,-0.7790841276137606
mixed,8192,32,8.70127860994953,7.685505141397907,11.673841444292199,9.248375586464041,13.381601716633906,-0.736935194584265,10.5164923445612,-14.468233333286417,-1.0449553622212004
sum,128,3,8.177092220797528,6.228038462723579,23.83553597593958,22.287043416846153,25.233791654618177,4.020649295941103,5.1449456228561115,0.3162814695578109,3.1196921973956626
sum,128,32,11.618158009500345,8.035210461254318,30.83920484913525,29.513274441221327,31.997928348640635,12.738133662321127,2.8383518994435475,7.854263037609632,3.567002408044795
sum,2048,3,5.159924833349356,4.806548543262687,6.848477477864545,4.068637403325326,8.788729187865806,-2.2655802471702957,4.774280641545426,-25.315043011697135,-2.557279185002348
sum,2048,32,5.290778615113422,4.86137583712221,8.116060210204068,5.27837859074225,9.941708038501762,0.012896781679594405,6.220322851927717,-22.970249822087794,-1.0547162650308195
sum,8192,3,5.019728865448241,4.73827976314087,5.606858654152469,1.391497842320688,8.48220650732311,-2.418077624909709,5.204338591720658,-26.35336559965662,-1.9546574178762155
sum,8192,32,5.0664571285232,4.822843015961817,4.808372130297545,-0.5904914015061324,8.508084614830825,-2.780967897301778,4.615857775389697,-27.636685406769026,-3.331534575069184
