variant,benchmark,estimator,time_ns,ci95_lower_ns,ci95_upper_ns
weighted_vector_tree,bitmap_diagnosis/reject/aot/predicate_only,criterion_console_rounded,1576.8999999999999,1568.6,1584.8
weighted_vector_tree,bitmap_diagnosis/reject/aot/whole_batch,criterion_console_rounded,1832.4,1824.4,1839.8000000000002
weighted_vector_tree,bitmap_diagnosis/reject/cranelift/predicate_only,criterion_console_rounded,1652.3000000000002,1645.8,1658.1
weighted_vector_tree,bitmap_diagnosis/reject/cranelift/whole_batch,criterion_console_rounded,1926.3999999999999,1917.3,1934.9
weighted_vector_tree,bitmap_diagnosis/reject/arrow/predicate_materialized,criterion_console_rounded,1685.1000000000001,1677.3,1692.5
weighted_vector_tree,bitmap_diagnosis/reject/arrow/whole_batch,criterion_console_rounded,2256.5,2246.2,2266.1
saturating_narrow,bitmap_diagnosis/reject/aot/predicate_only,criterion_console_rounded,1614.1000000000001,1607.0,1620.6000000000001
saturating_narrow,bitmap_diagnosis/reject/aot/whole_batch,criterion_console_rounded,1799.9,1791.1,1807.0
saturating_narrow,bitmap_diagnosis/reject/cranelift/predicate_only,criterion_console_rounded,1845.5,1838.3,1852.1000000000001
saturating_narrow,bitmap_diagnosis/reject/cranelift/whole_batch,criterion_console_rounded,2004.5000000000002,1995.7,2012.3999999999999
saturating_narrow,bitmap_diagnosis/reject/arrow/predicate_materialized,criterion_console_rounded,1683.2,1674.0,1691.1000000000001
saturating_narrow,bitmap_diagnosis/reject/arrow/whole_batch,criterion_console_rounded,2250.6,2241.5,2258.7999999999997
shuffle_compaction,bitmap_diagnosis/reject/aot/predicate_only,criterion_console_rounded,1614.2,1608.8,1619.5
shuffle_compaction,bitmap_diagnosis/reject/aot/whole_batch,criterion_console_rounded,1833.8000000000002,1826.1000000000001,1840.5
shuffle_compaction,bitmap_diagnosis/reject/cranelift/predicate_only,criterion_console_rounded,1480.1,1472.8000000000002,1486.9
shuffle_compaction,bitmap_diagnosis/reject/cranelift/whole_batch,criterion_console_rounded,1668.5,1663.4,1673.4
shuffle_compaction,bitmap_diagnosis/reject/arrow/predicate_materialized,criterion_console_rounded,1697.8,1690.7,1705.5
shuffle_compaction,bitmap_diagnosis/reject/arrow/whole_batch,criterion_console_rounded,2271.1,2262.6,2278.4
shuffle_full,bitmap_same_algorithm/aot/rows=64/select=0,criterion_console_rounded,136.39,134.25,138.85
shuffle_full,bitmap_same_algorithm/cranelift/rows=64/select=0,criterion_console_rounded,132.38,131.73,133.28
shuffle_full,bitmap_same_algorithm/aot/rows=64/select=50,criterion_console_rounded,192.39,190.86,194.3
shuffle_full,bitmap_same_algorithm/cranelift/rows=64/select=50,criterion_console_rounded,189.33,188.2,190.44
shuffle_full,bitmap_same_algorithm/aot/rows=64/select=100,criterion_console_rounded,199.56,198.75,200.26
shuffle_full,bitmap_same_algorithm/cranelift/rows=64/select=100,criterion_console_rounded,210.96,209.35,212.46
shuffle_full,bitmap_same_algorithm/aot/rows=2048/select=0,criterion_console_rounded,325.68,324.07,327.3
shuffle_full,bitmap_same_algorithm/cranelift/rows=2048/select=0,criterion_console_rounded,319.95,317.22,322.79
shuffle_full,bitmap_same_algorithm/aot/rows=2048/select=50,criterion_console_rounded,1232.0,1222.6999999999998,1241.2
shuffle_full,bitmap_same_algorithm/cranelift/rows=2048/select=50,criterion_console_rounded,1218.0,1212.5,1223.3
shuffle_full,bitmap_same_algorithm/aot/rows=2048/select=100,criterion_console_rounded,1476.0,1460.3,1491.9
shuffle_full,bitmap_same_algorithm/cranelift/rows=2048/select=100,criterion_console_rounded,1728.3999999999999,1712.3999999999999,1745.8
shuffle_full,bitmap_same_algorithm/aot/rows=16384/select=0,criterion_console_rounded,1838.0,1829.2,1847.0
shuffle_full,bitmap_same_algorithm/cranelift/rows=16384/select=0,criterion_console_rounded,1671.2,1663.4,1677.8
shuffle_full,bitmap_same_algorithm/aot/rows=16384/select=50,criterion_console_rounded,9314.6,9225.199999999999,9428.4
shuffle_full,bitmap_same_algorithm/cranelift/rows=16384/select=50,criterion_console_rounded,9136.5,9104.4,9170.5
shuffle_full,bitmap_same_algorithm/aot/rows=16384/select=100,criterion_console_rounded,9897.0,9858.9,9930.6
shuffle_full,bitmap_same_algorithm/cranelift/rows=16384/select=100,criterion_console_rounded,12244.0,12194.0,12291.0
shuffle_explicit_multiply,bitmap_same_algorithm/aot/rows=16384/select=0,criterion_console_rounded,1848.0,1840.3,1855.1
shuffle_explicit_multiply,bitmap_same_algorithm/cranelift/rows=16384/select=0,criterion_console_rounded,1683.5,1676.8000000000002,1689.8999999999999
shuffle_explicit_multiply,bitmap_same_algorithm/aot/rows=16384/select=50,criterion_console_rounded,9134.6,9075.0,9187.8
shuffle_explicit_multiply,bitmap_same_algorithm/cranelift/rows=16384/select=50,criterion_console_rounded,9317.0,9278.6,9351.5
shuffle_explicit_multiply,bitmap_same_algorithm/aot/rows=16384/select=100,criterion_console_rounded,9940.0,9914.1,9962.199999999999
shuffle_explicit_multiply,bitmap_same_algorithm/cranelift/rows=16384/select=100,criterion_console_rounded,11672.0,11634.0,11704.0
shuffle_multiply_dense4,bitmap_same_algorithm/aot/rows=16384/select=0,criterion_console_rounded,1859.3999999999999,1833.3999999999999,1896.6000000000001
shuffle_multiply_dense4,bitmap_same_algorithm/cranelift/rows=16384/select=0,criterion_console_rounded,1667.5,1660.1,1675.6
shuffle_multiply_dense4,bitmap_same_algorithm/aot/rows=16384/select=50,criterion_console_rounded,9219.6,9155.2,9268.800000000001
shuffle_multiply_dense4,bitmap_same_algorithm/cranelift/rows=16384/select=50,criterion_console_rounded,9624.1,9572.699999999999,9678.3
shuffle_multiply_dense4,bitmap_same_algorithm/aot/rows=16384/select=100,criterion_console_rounded,9834.300000000001,9808.8,9857.900000000001
shuffle_multiply_dense4,bitmap_same_algorithm/cranelift/rows=16384/select=100,criterion_console_rounded,9920.9,9894.5,9939.6
final,bitmap_diagnosis/reject/aot/predicate_only,slope,1617.9757761712,1612.8262009148018,1622.756416047537
final,bitmap_diagnosis/reject/aot/whole_batch,slope,1846.1213893404952,1835.410776433913,1858.8567262105103
final,bitmap_diagnosis/reject/arrow/predicate_materialized,slope,1720.0210817801287,1713.2681098688477,1727.2032232341826
final,bitmap_diagnosis/reject/arrow/whole_batch,slope,2315.34799106163,2307.9154055891863,2323.275697333941
final,bitmap_diagnosis/reject/cranelift/predicate_only,slope,1496.4761065031453,1491.2212971168997,1501.8410117318435
final,bitmap_diagnosis/reject/cranelift/whole_batch,slope,1656.1969319074585,1650.0884529822906,1662.0757660337017
