variant,benchmark,time_ns,ci95_lower_ns,ci95_upper_ns
original,constant_false_control_aot_predicate_only,16.895557802495656,16.872983059637185,16.91958592425836
original,constant_false_control_aot_whole_batch,149.88244086547917,149.21392568602738,150.5569026828348
original,constant_false_control_cranelift_predicate_only,1562.2354198175724,1553.4193751555824,1570.6992959433867
original,constant_false_control_cranelift_whole_batch,1823.5176690519731,1811.2098295288467,1835.8931638994154
original,reject_aot_predicate_only,1584.4582380245363,1574.191484123795,1595.9037288061847
original,reject_aot_whole_batch,1793.3195112554968,1783.6874467617465,1802.1220628720823
original,reject_cranelift_predicate_only,4407.2390888356,4388.224621947125,4425.251188627434
original,reject_cranelift_whole_batch,4609.964367879513,4591.071165364304,4627.821127615681
notrap_only,constant_false_control_aot_predicate_only,16.94116623879221,16.8918675982686,17.006551136533435
notrap_only,constant_false_control_aot_whole_batch,153.46598543926294,152.74203723017328,154.12964248652028
notrap_only,constant_false_control_cranelift_predicate_only,1566.1773707203488,1560.0140377802907,1572.6197666255166
notrap_only,constant_false_control_cranelift_whole_batch,1862.1874425089568,1854.868959714332,1868.9936866207568
notrap_only,reject_aot_predicate_only,1577.6655058842393,1567.7844150467336,1589.3643642345528
notrap_only,reject_aot_whole_batch,1803.3291562064628,1794.9983312242111,1811.6153416322884
notrap_only,reject_cranelift_predicate_only,4371.513179188507,4348.089944104318,4393.540527873434
notrap_only,reject_cranelift_whole_batch,4620.5089603449505,4597.974552807591,4639.759910166452
split_blocks_8,reject_aot_predicate_only,1583.686837958026,1578.1150252179066,1589.169420854087
split_blocks_8,reject_aot_whole_batch,1824.1068582573716,1815.8814880863156,1832.726744407863
split_blocks_8,reject_cranelift_predicate_only,4407.362933152139,4391.031758305424,4422.5072626231085
split_blocks_8,reject_cranelift_whole_batch,4583.007719434482,4566.060093454871,4600.809837768719
loop8,reject_aot_predicate_only,1601.7963372328518,1595.406787841824,1607.4425321436715
loop8,reject_aot_whole_batch,1839.097137943539,1830.5360915128742,1846.846709771511
loop8,reject_cranelift_predicate_only,4247.800894583576,4206.62527552466,4295.548112790604
loop8,reject_cranelift_whole_batch,4582.968779509962,4556.797144783155,4606.053389291628
immediate_displacements,reject_aot_predicate_only,1613.5628324001652,1606.9847920180287,1620.5446570666757
immediate_displacements,reject_aot_whole_batch,1837.8811360992154,1831.44035805669,1843.9633987019236
immediate_displacements,reject_cranelift_predicate_only,4063.719251737426,4043.8375093466375,4081.7453218041865
immediate_displacements,reject_cranelift_whole_batch,4254.02903902155,4233.4415125278965,4271.693050222457
simd_probe_with_displacements,reject_aot_predicate_only,1585.9392006225276,1578.9297878088116,1592.8908233167
simd_probe_with_displacements,reject_aot_whole_batch,1835.4463225575898,1827.9276506823217,1842.084594681817
simd_probe_with_displacements,reject_cranelift_predicate_only,3646.747582238616,3631.214664965221,3661.736049390876
simd_probe_with_displacements,reject_cranelift_whole_batch,3865.7931417335094,3850.946137087515,3881.147819992196
original_reverse,constant_false_control_aot_predicate_only,17.11021742156326,17.064453998038786,17.162217946585397
original_reverse,constant_false_control_aot_whole_batch,159.04500401867236,158.35144221686758,159.8457666839779
original_reverse,constant_false_control_cranelift_predicate_only,1610.257270731598,1604.8736042166524,1615.2709375113761
original_reverse,constant_false_control_cranelift_whole_batch,1827.9814001164823,1823.1635689731909,1832.4663860144894
original_reverse,reject_aot_predicate_only,1594.0545933334345,1581.3240441670812,1607.8319696867336
original_reverse,reject_aot_whole_batch,1840.970784290993,1823.778292337174,1861.3554168865444
original_reverse,reject_arrow_predicate_materialized,1699.9595056816606,1692.303067156514,1707.4463896864468
original_reverse,reject_arrow_whole_batch,2288.0456903604177,2276.192709420516,2300.4156562105118
original_reverse,reject_cranelift_predicate_only,4426.635173160387,4415.645766666748,4436.866264794711
original_reverse,reject_cranelift_whole_batch,4621.676808797834,4604.394767116871,4637.657039502447
