workload,threads,sample,first_engine,datafusion_ms,roc_ms
scan_only,1,1,datafusion,106.675750,106.474875
scan_only,1,2,roc,113.887500,106.715625
scan_only,1,3,datafusion,114.688750,110.021875
scan_only,1,4,roc,107.864125,108.804833
scan_only,1,5,datafusion,109.524625,107.103291
scan_only,1,6,roc,114.004291,108.599792
scan_only,1,7,datafusion,108.955167,107.186250
scan_only,1,8,roc,106.950500,105.969458
scan_only,1,9,datafusion,106.922042,107.560333
scan_only,1,10,roc,107.707042,107.324667
filter_project,1,1,datafusion,103.804292,103.089500
filter_project,1,2,roc,99.760667,102.703792
filter_project,1,3,datafusion,99.707875,104.955292
filter_project,1,4,roc,104.224333,102.644500
filter_project,1,5,datafusion,100.939500,101.851542
filter_project,1,6,roc,99.848750,101.112084
filter_project,1,7,datafusion,99.397542,99.795084
filter_project,1,8,roc,100.241333,100.725625
filter_project,1,9,datafusion,98.768125,99.209875
filter_project,1,10,roc,102.571750,100.200167
global_aggregate,1,1,datafusion,38.551917,45.460792
global_aggregate,1,2,roc,38.696250,45.591583
global_aggregate,1,3,datafusion,38.255375,46.876458
global_aggregate,1,4,roc,38.989291,46.370375
global_aggregate,1,5,datafusion,40.447917,45.966792
global_aggregate,1,6,roc,38.767833,45.802292
global_aggregate,1,7,datafusion,39.253667,47.774125
global_aggregate,1,8,roc,40.691459,47.590708
global_aggregate,1,9,datafusion,38.938834,47.139209
global_aggregate,1,10,roc,39.757375,47.608666
grouped_aggregate,1,1,datafusion,72.179917,74.317000
grouped_aggregate,1,2,roc,71.526833,73.621625
grouped_aggregate,1,3,datafusion,72.744584,74.360125
grouped_aggregate,1,4,roc,73.809792,73.821458
grouped_aggregate,1,5,datafusion,72.554667,73.992583
grouped_aggregate,1,6,roc,72.996208,73.654916
grouped_aggregate,1,7,datafusion,72.481583,73.900083
grouped_aggregate,1,8,roc,72.100583,75.606042
grouped_aggregate,1,9,datafusion,72.408250,73.631417
grouped_aggregate,1,10,roc,72.006250,73.281000
scan_only,4,1,datafusion,30.733625,28.828000
scan_only,4,2,roc,34.514167,29.355208
scan_only,4,3,datafusion,31.645417,30.963375
scan_only,4,4,roc,33.428500,29.606916
scan_only,4,5,datafusion,31.312166,29.072375
scan_only,4,6,roc,32.203125,29.311625
scan_only,4,7,datafusion,32.040417,29.800041
scan_only,4,8,roc,34.346292,30.017458
scan_only,4,9,datafusion,30.919791,28.919667
scan_only,4,10,roc,94.013250,28.615833
filter_project,4,1,datafusion,29.488084,28.084750
filter_project,4,2,roc,29.797125,27.924875
filter_project,4,3,datafusion,29.391291,27.437291
filter_project,4,4,roc,29.530500,27.925708
filter_project,4,5,datafusion,29.624542,27.417542
filter_project,4,6,roc,28.948709,27.206000
filter_project,4,7,datafusion,29.072375,26.994458
filter_project,4,8,roc,29.699666,27.430542
filter_project,4,9,datafusion,29.598375,27.210833
filter_project,4,10,roc,29.669833,27.548250
global_aggregate,4,1,datafusion,11.879917,13.009125
global_aggregate,4,2,roc,11.406833,12.969708
global_aggregate,4,3,datafusion,11.649917,12.878000
global_aggregate,4,4,roc,11.446125,12.883459
global_aggregate,4,5,datafusion,11.587250,12.956542
global_aggregate,4,6,roc,11.791417,12.949500
global_aggregate,4,7,datafusion,11.442167,12.940250
global_aggregate,4,8,roc,11.681417,13.633208
global_aggregate,4,9,datafusion,11.672584,13.250833
global_aggregate,4,10,roc,11.610000,14.237750
grouped_aggregate,4,1,datafusion,20.702250,19.957167
grouped_aggregate,4,2,roc,20.979750,20.176792
grouped_aggregate,4,3,datafusion,20.739917,19.895292
grouped_aggregate,4,4,roc,20.790084,20.256125
grouped_aggregate,4,5,datafusion,21.746208,20.962000
grouped_aggregate,4,6,roc,20.871334,19.969458
grouped_aggregate,4,7,datafusion,20.832000,20.111750
grouped_aggregate,4,8,roc,21.234000,20.546375
grouped_aggregate,4,9,datafusion,20.877083,20.292959
grouped_aggregate,4,10,roc,20.899917,19.938500
