type,nulls,rows,mode,samples,estimate_ns,ci95_low_ns,ci95_high_ns
Float64,false,1,bound,50,69.649,69.31,69.996
Float64,false,1,dynamic,50,72.143,71.749,72.563
Float64,false,16,bound,50,67.726,67.23,68.269
Float64,false,16,dynamic,50,74.513,74.224,74.868
Float64,false,64,bound,50,72.849,72.485,73.236
Float64,false,64,dynamic,50,80.437,79.717,81.306
Float64,false,256,bound,50,97.513,97.141,97.905
Float64,false,256,dynamic,50,94.302,94.125,94.477
Float64,false,2048,bound,100,302.601,296.43,309.055
Float64,false,2048,dynamic,100,313.096,306.845,319.278
Float64,false,16384,bound,50,3495.581,3476.55,3515.381
Float64,false,16384,dynamic,50,3509.947,3482.042,3549.261
Float64,true,1,bound,50,71.454,71.092,71.777
Float64,true,1,dynamic,50,71.764,71.603,71.936
Float64,true,16,bound,50,148.438,147.824,149.017
Float64,true,16,dynamic,50,160.872,159.229,162.182
Float64,true,64,bound,50,129.997,129.046,130.958
Float64,true,64,dynamic,50,139.304,138.243,140.567
Float64,true,256,bound,50,146.95,146.482,147.438
Float64,true,256,dynamic,50,158.562,157.894,159.344
Float64,true,2048,bound,100,384.022,375.895,392.084
Float64,true,2048,dynamic,100,387.169,380.254,394.519
Float64,true,16384,bound,50,3612.762,3594.132,3629.537
Float64,true,16384,dynamic,50,3618.07,3609.759,3625.669
Int64,false,1,bound,50,73.384,73.115,73.66
Int64,false,1,dynamic,50,76.294,76.069,76.496
Int64,false,16,bound,50,73.899,73.558,74.245
Int64,false,16,dynamic,50,83.587,83.221,83.937
Int64,false,64,bound,50,92.622,92.169,93.047
Int64,false,64,dynamic,50,113.032,108.404,119.5
Int64,false,256,bound,50,170.292,169.933,170.656
Int64,false,256,dynamic,50,209.392,208.337,210.474
Int64,false,2048,bound,100,858.841,856.762,861.223
Int64,false,2048,dynamic,100,1119.803,1111.006,1133.153
Int64,false,16384,bound,50,7991.461,7975.637,8007.813
Int64,false,16384,dynamic,50,9992.6,9963.412,10024.025
Int64,true,1,bound,50,74.337,74.029,74.706
Int64,true,1,dynamic,50,78.025,77.383,78.814
Int64,true,16,bound,50,148.351,147.023,149.754
Int64,true,16,dynamic,50,160.106,159.343,160.756
Int64,true,64,bound,50,159.34,159.087,159.605
Int64,true,64,dynamic,50,166.324,165.687,166.93
Int64,true,256,bound,50,271.476,270.606,272.317
Int64,true,256,dynamic,50,285.19,283.097,287.559
Int64,true,2048,bound,100,1246.118,1243.041,1249.298
Int64,true,2048,dynamic,100,1265.906,1260.506,1271.282
Int64,true,16384,bound,50,9498.566,9427.52,9567.08
Int64,true,16384,dynamic,50,9403.338,9332.685,9480.079
