type,nulls,rows,variant,dispatch,samples,estimate_ns,ci95_low_ns,ci95_high_ns
Int64,false,64,checked,dynamic,100,225.898,225.408,226.314
Int64,false,64,checked,static,100,185.208,184.384,185.914
Int64,true,64,checked,dynamic,100,309.864,309.571,310.234
Int64,true,64,checked,static,100,289.535,288.934,290.169
Int64,false,2048,checked,dynamic,100,2752.516,2749.609,2755.113
Int64,false,2048,checked,static,100,2096.755,2094.921,2098.559
Int64,true,2048,checked,dynamic,100,2981.021,2979.8,2982.346
Int64,true,2048,checked,static,100,2916.334,2914.877,2917.882
Int64,false,16384,checked,dynamic,100,20649.841,20639.038,20660.719
Int64,false,16384,checked,static,100,15575.06,15566.713,15584.093
Int64,true,16384,checked,dynamic,100,21228.249,21210.837,21246.736
Int64,true,16384,checked,static,100,21252.597,21239.279,21266.997
Int64,false,64,unchecked,dynamic,100,145.819,145.257,146.318
Int64,false,64,unchecked,static,100,140.647,140.294,140.98
Int64,true,64,unchecked,dynamic,100,279.196,278.682,279.738
Int64,true,64,unchecked,static,100,273.432,273.0,273.813
Int64,false,2048,unchecked,dynamic,100,704.996,704.665,705.326
Int64,false,2048,unchecked,static,100,666.761,666.389,667.136
Int64,true,2048,unchecked,dynamic,100,2384.797,2383.918,2385.796
Int64,true,2048,unchecked,static,100,2322.442,2320.502,2324.509
Int64,false,16384,unchecked,dynamic,100,4277.155,4274.888,4279.588
Int64,false,16384,unchecked,static,100,4256.92,4255.092,4259.092
Int64,true,16384,unchecked,dynamic,100,16725.603,16717.386,16733.972
Int64,true,16384,unchecked,static,100,16755.76,16749.033,16762.967
Int64,false,64,unchecked_all,dynamic,100,127.64,126.955,128.36
Int64,false,64,unchecked_all,static,100,121.2,120.692,121.662
Int64,true,64,unchecked_all,dynamic,100,200.629,200.221,200.998
Int64,true,64,unchecked_all,static,100,193.936,193.336,194.492
Int64,false,2048,unchecked_all,dynamic,100,632.189,631.715,632.638
Int64,false,2048,unchecked_all,static,100,641.962,641.257,642.65
Int64,true,2048,unchecked_all,dynamic,100,899.854,897.814,901.807
Int64,true,2048,unchecked_all,static,100,843.69,842.747,844.675
Int64,false,16384,unchecked_all,dynamic,100,4239.507,4237.993,4241.102
Int64,false,16384,unchecked_all,static,100,4241.405,4240.262,4242.643
Int64,true,16384,unchecked_all,dynamic,100,5604.53,5542.472,5662.675
Int64,true,16384,unchecked_all,static,100,5610.4,5553.337,5666.461
Int64,false,64,wrapping,dynamic,100,147.662,147.202,148.076
Int64,false,64,wrapping,static,100,120.917,120.446,121.35
Int64,true,64,wrapping,dynamic,100,218.364,217.709,219.027
Int64,true,64,wrapping,static,100,196.301,195.603,196.934
Int64,false,2048,wrapping,dynamic,100,800.015,799.547,800.441
Int64,false,2048,wrapping,static,100,611.74,611.184,612.291
Int64,true,2048,wrapping,dynamic,100,857.878,856.199,859.311
Int64,true,2048,wrapping,static,100,844.248,842.283,846.401
Int64,false,16384,wrapping,dynamic,100,4267.471,4266.151,4268.895
Int64,false,16384,wrapping,static,100,4204.993,4203.483,4206.731
Int64,true,16384,wrapping,dynamic,100,5741.949,5700.925,5785.209
Int64,true,16384,wrapping,static,100,5525.999,5473.675,5573.403
