run,group,backend,rows,selectivity_percent,estimator,time_ns,ci95_lower_ns,ci95_upper_ns
native_aot_first,bitmap_same_algorithm,aot,16384,0,slope,1863.795067963598,1861.6656563387437,1865.6583958319886
native_aot_first,bitmap_same_algorithm,aot,16384,100,slope,9860.626418719283,9847.784895078834,9873.904564426097
native_aot_first,bitmap_same_algorithm,aot,16384,50,slope,8988.155927620537,8971.421204319697,9006.270400775242
native_aot_first,bitmap_same_algorithm,aot,2048,0,slope,340.76597458263643,339.17285505587074,343.3834724637625
native_aot_first,bitmap_same_algorithm,aot,2048,100,slope,1497.511383171989,1477.4650512539915,1519.4257423269944
native_aot_first,bitmap_same_algorithm,aot,2048,50,slope,1282.9560997626456,1270.518691443569,1295.0840205231016
native_aot_first,bitmap_same_algorithm,aot,64,0,slope,144.15274807083117,143.30248302215776,144.95964292752112
native_aot_first,bitmap_same_algorithm,aot,64,100,slope,215.82223125483057,214.7552183822779,217.23338864562263
native_aot_first,bitmap_same_algorithm,aot,64,50,slope,216.9850773246112,215.0852432871283,218.80201235190782
native_aot_first,bitmap_same_algorithm,cranelift,16384,0,slope,4665.494638677488,4662.877715818791,4668.855676444806
native_aot_first,bitmap_same_algorithm,cranelift,16384,100,slope,15030.133797520419,14911.136333039569,15195.734056400954
native_aot_first,bitmap_same_algorithm,cranelift,16384,50,slope,11708.377220030103,11654.975616180427,11764.215360279682
native_aot_first,bitmap_same_algorithm,cranelift,2048,0,slope,695.7257404086888,694.7353560419851,696.8796260910492
native_aot_first,bitmap_same_algorithm,cranelift,2048,100,slope,2065.2334794764265,2054.6392454464585,2079.543444911278
native_aot_first,bitmap_same_algorithm,cranelift,2048,50,slope,1610.8502887485797,1602.2432986402684,1621.9670280695132
native_aot_first,bitmap_same_algorithm,cranelift,64,0,slope,156.9708194989899,156.6006206843832,157.37219843872901
native_aot_first,bitmap_same_algorithm,cranelift,64,100,slope,225.89244786292332,224.2617383743854,227.40526607519516
native_aot_first,bitmap_same_algorithm,cranelift,64,50,slope,217.3482614992657,216.36592776460085,218.62174519394583
native_aot_first,arrow_reference,arrow,16384,0,slope,2375.771781151716,2373.0065271469634,2378.1678525718867
native_aot_first,arrow_reference,arrow,16384,100,slope,20025.96960455961,20004.190752946983,20048.275079567153
native_aot_first,arrow_reference,arrow,16384,50,slope,21104.381930921496,21069.682519383936,21146.84641313082
native_aot_first,arrow_reference,arrow,2048,0,slope,907.5070547041707,904.3743364690648,911.8348392530534
native_aot_first,arrow_reference,arrow,2048,100,slope,2800.5480371136005,2783.867101218472,2825.405565864582
native_aot_first,arrow_reference,arrow,2048,50,slope,2902.499470604465,2894.2807878656795,2914.075285079794
native_aot_first,arrow_reference,arrow,64,0,slope,738.2825136369555,734.9002372299678,741.2205582234427
native_aot_first,arrow_reference,arrow,64,100,slope,647.0845726241661,644.2577397137325,650.3242442500238
native_aot_first,arrow_reference,arrow,64,50,slope,806.6860406323749,801.8155977705303,812.2355734268156
native_aot_first,jit_bitmap_startup,compile_and_drop,,,slope,916655.8973030143,913976.7553665927,919761.0224621664
native_aot_first,jit_bitmap_startup,compile_execute_2048_and_drop,,,slope,921508.6373876256,919399.0368591872,923810.9851988828
native_jit_first,bitmap_same_algorithm,aot,16384,0,slope,1907.0347168045225,1899.2005688351192,1915.332434453889
native_jit_first,bitmap_same_algorithm,aot,16384,100,slope,10146.46910279984,10042.154991689373,10311.540037493605
native_jit_first,bitmap_same_algorithm,aot,16384,50,slope,9128.3222596417,9096.040878271711,9170.360596652552
native_jit_first,bitmap_same_algorithm,aot,2048,0,slope,337.5300567653931,336.273654504834,338.9801535049981
native_jit_first,bitmap_same_algorithm,aot,2048,100,slope,1479.2091552730615,1465.7202405015496,1491.018109824877
native_jit_first,bitmap_same_algorithm,aot,2048,50,slope,1315.3205637241526,1304.5147027777457,1323.3795311709798
native_jit_first,bitmap_same_algorithm,aot,64,0,slope,140.65427701630767,140.26418244290227,141.05720941374673
native_jit_first,bitmap_same_algorithm,aot,64,100,slope,229.3158295678488,227.17093895456722,230.75596045430814
native_jit_first,bitmap_same_algorithm,aot,64,50,slope,210.58740058469766,209.30789754107872,211.72810172262044
native_jit_first,bitmap_same_algorithm,cranelift,16384,0,slope,4649.77215289558,4644.172671837346,4655.295528069229
native_jit_first,bitmap_same_algorithm,cranelift,16384,100,slope,14695.044561960161,14666.524214320574,14727.805637828798
native_jit_first,bitmap_same_algorithm,cranelift,16384,50,slope,11969.933018752796,11875.2110019065,12059.216434834654
native_jit_first,bitmap_same_algorithm,cranelift,2048,0,slope,691.0954320664399,690.1706070322273,691.9274596334632
native_jit_first,bitmap_same_algorithm,cranelift,2048,100,slope,2129.1967103418087,2109.822311927465,2151.025107725376
native_jit_first,bitmap_same_algorithm,cranelift,2048,50,slope,1595.1625126071951,1588.376301373533,1603.0333917924977
native_jit_first,bitmap_same_algorithm,cranelift,64,0,slope,155.6272507051193,154.61126759846925,156.43886601789788
native_jit_first,bitmap_same_algorithm,cranelift,64,100,slope,231.33848893594566,230.77040128213324,231.8527705453739
native_jit_first,bitmap_same_algorithm,cranelift,64,50,slope,214.97926560776082,213.7952667698436,216.0860801452376
native_simd_aot_first,arrow_reference,arrow,16384,0,slope,2321.153676221765,2308.8473199940886,2331.873474369268
native_simd_aot_first,arrow_reference,arrow,16384,100,slope,19698.061672034997,19642.229547624975,19747.665544932788
native_simd_aot_first,arrow_reference,arrow,16384,50,slope,21015.9586980641,20910.684952664225,21123.698714247636
native_simd_aot_first,arrow_reference,arrow,2048,0,slope,880.3432815019551,876.0014998588116,885.3038333728765
native_simd_aot_first,arrow_reference,arrow,2048,100,slope,2735.545187191746,2724.3164851199977,2745.623744232111
native_simd_aot_first,arrow_reference,arrow,2048,50,slope,2819.306606331541,2807.9851433050117,2830.2183880250495
native_simd_aot_first,arrow_reference,arrow,64,0,slope,697.8344787723761,692.6754405217612,701.7511496690723
native_simd_aot_first,arrow_reference,arrow,64,100,slope,639.2508855713298,636.0573711475258,641.6800645372331
native_simd_aot_first,arrow_reference,arrow,64,50,slope,756.7561587070904,753.9356281994446,759.8853962694365
native_simd_aot_first,bitmap_same_algorithm,aot,16384,0,slope,1830.366457063547,1820.5275460463538,1839.9032729992143
native_simd_aot_first,bitmap_same_algorithm,aot,16384,100,slope,9814.78665334103,9786.267918936921,9839.253729370263
native_simd_aot_first,bitmap_same_algorithm,aot,16384,50,slope,9508.019159864805,9461.19943986296,9548.577192880572
native_simd_aot_first,bitmap_same_algorithm,aot,2048,0,slope,315.9899254955387,314.5296209948848,317.37202081339166
native_simd_aot_first,bitmap_same_algorithm,aot,2048,100,slope,1436.0363345541912,1417.4351728129404,1452.4546866406674
native_simd_aot_first,bitmap_same_algorithm,aot,2048,50,slope,1227.7061880714925,1219.0767529705695,1237.6167762731604
native_simd_aot_first,bitmap_same_algorithm,aot,64,0,slope,137.5717521194704,136.63810311818898,138.3698363887136
native_simd_aot_first,bitmap_same_algorithm,aot,64,100,slope,196.73755073151258,196.17446450487026,197.29487293482282
native_simd_aot_first,bitmap_same_algorithm,aot,64,50,slope,194.7033892942654,193.73754132476483,195.56442298344064
native_simd_aot_first,bitmap_same_algorithm,cranelift,16384,0,slope,1674.9128689305896,1664.5212092743072,1684.3179307599032
native_simd_aot_first,bitmap_same_algorithm,cranelift,16384,100,slope,9925.370061891612,9909.402314974386,9943.198366596147
native_simd_aot_first,bitmap_same_algorithm,cranelift,16384,50,slope,9654.224508007857,9622.25563537885,9682.809696862301
native_simd_aot_first,bitmap_same_algorithm,cranelift,2048,0,slope,304.8055801518093,303.15426778867754,306.5110047870626
native_simd_aot_first,bitmap_same_algorithm,cranelift,2048,100,slope,1422.7298231654463,1411.530237670961,1433.3614577747744
native_simd_aot_first,bitmap_same_algorithm,cranelift,2048,50,slope,1239.0190283816971,1230.171899328486,1247.340539761034
native_simd_aot_first,bitmap_same_algorithm,cranelift,64,0,slope,132.60335723405638,131.98434697338612,133.29312223581965
native_simd_aot_first,bitmap_same_algorithm,cranelift,64,100,slope,204.7915064142796,204.13930122438495,205.45427124861098
native_simd_aot_first,bitmap_same_algorithm,cranelift,64,50,slope,186.48487498445624,185.42963354863028,187.6679772440262
native_simd_aot_first,jit_bitmap_startup,compile_and_drop,,,slope,543495.3435748281,541698.5440839366,545321.3878799711
native_simd_aot_first,jit_bitmap_startup,compile_execute_2048_and_drop,,,slope,552328.7443680592,548183.3449227449,558930.5939505013
native_simd_jit_first,bitmap_same_algorithm,aot,16384,0,slope,1814.6714805107713,1807.4016467052697,1821.5627401574209
native_simd_jit_first,bitmap_same_algorithm,aot,16384,100,slope,9911.192903128775,9866.542632431843,9968.927452742018
native_simd_jit_first,bitmap_same_algorithm,aot,16384,50,slope,9321.726064367687,9273.782191882286,9366.08588766616
native_simd_jit_first,bitmap_same_algorithm,aot,2048,0,slope,314.912208396937,313.63475445695644,316.6431878110126
native_simd_jit_first,bitmap_same_algorithm,aot,2048,100,slope,1435.39036025105,1417.3718329442197,1452.5862426718886
native_simd_jit_first,bitmap_same_algorithm,aot,2048,50,slope,1221.0958331109698,1211.2893468603572,1229.1711617569856
native_simd_jit_first,bitmap_same_algorithm,aot,64,0,slope,134.33928056070224,133.22025167030668,135.74794216325876
native_simd_jit_first,bitmap_same_algorithm,aot,64,100,slope,195.41053758415518,194.25624509108778,196.40893468304824
native_simd_jit_first,bitmap_same_algorithm,aot,64,50,slope,184.55707786914618,183.92796802542108,185.12816688840206
native_simd_jit_first,bitmap_same_algorithm,cranelift,16384,0,slope,1681.8654262919156,1677.2050479439486,1686.4940745469385
native_simd_jit_first,bitmap_same_algorithm,cranelift,16384,100,slope,9943.970025082597,9923.63569155131,9969.806515866456
native_simd_jit_first,bitmap_same_algorithm,cranelift,16384,50,slope,9722.226392442151,9686.994757745562,9761.5722744097
native_simd_jit_first,bitmap_same_algorithm,cranelift,2048,0,slope,303.58353463412226,302.14621020146353,305.0802030489165
native_simd_jit_first,bitmap_same_algorithm,cranelift,2048,100,slope,1435.4043029757925,1421.1750272771906,1447.5407184154662
native_simd_jit_first,bitmap_same_algorithm,cranelift,2048,50,slope,1226.8344480548262,1217.4950734495758,1237.0866304011802
native_simd_jit_first,bitmap_same_algorithm,cranelift,64,0,slope,130.90438690161264,129.48580244264747,132.38108557867693
native_simd_jit_first,bitmap_same_algorithm,cranelift,64,100,slope,202.7372512595362,201.72320625047752,203.67002231598872
native_simd_jit_first,bitmap_same_algorithm,cranelift,64,50,slope,180.87170951923733,179.93710745116203,181.61889357022991
