run,backend,rows,selectivity_percent,estimator,time_ns,ci95_lower_ns,ci95_upper_ns
forward,aot,64,0,slope,134.5209706438058,133.74923476383893,135.372049743804
forward,arrow,64,0,slope,698.3747161558763,696.2628970405115,700.3778156421241
forward,cranelift,64,0,slope,132.3453706274589,131.4286152818015,133.21289767515947
forward,vector_selection,64,0,slope,433.6350602691572,431.0118817383922,437.46550694206223
forward,aot,64,50,slope,188.38390715799423,187.70118420172489,189.00963794727204
forward,arrow,64,50,slope,701.0263247140654,698.6195649144182,703.3987468496935
forward,cranelift,64,50,slope,188.17462933905668,187.53244890117617,188.75833813162936
forward,vector_selection,64,50,slope,525.197860906645,523.3889040697418,527.0636016906659
forward,aot,64,100,slope,202.5737127539571,201.84120617058502,203.36579921702545
forward,arrow,64,100,slope,606.2340990807164,604.1994382598858,608.329207685312
forward,cranelift,64,100,slope,201.15595027519893,200.3250350143156,202.13781365767952
forward,vector_selection,64,100,slope,520.4157156757027,518.6333956691643,522.311134769547
forward,aot,2048,0,slope,326.61060378735203,325.6549771364596,327.60520517046723
forward,arrow,2048,0,slope,849.4479785431428,847.3407436284791,851.3114719133382
forward,cranelift,2048,0,slope,317.28254785789164,316.36156229773565,318.2885747699462
forward,vector_selection,2048,0,slope,579.9013612936583,576.9825964243456,583.1827901255718
forward,aot,2048,50,slope,1290.8146749399418,1282.3723680962937,1299.214926447607
forward,arrow,2048,50,slope,2804.2529745289385,2797.0735738967114,2813.7225690723076
forward,cranelift,2048,50,slope,1253.2570822035764,1250.0378919667012,1257.0514285131878
forward,vector_selection,2048,50,slope,2352.085056793809,2344.1963361953913,2362.4232033701714
forward,aot,2048,100,slope,1459.2560463499522,1445.974009933784,1473.3627371549244
forward,arrow,2048,100,slope,2752.622796507156,2729.167482505291,2786.3112128912294
forward,cranelift,2048,100,slope,1452.90784288125,1440.813507066892,1466.0883226325457
forward,vector_selection,2048,100,slope,2627.9932739716924,2621.9258499030566,2633.4980347100964
forward,aot,16384,0,slope,1881.3407287471796,1874.4112645062135,1890.1608449225298
forward,arrow,16384,0,slope,2291.699637123574,2282.873004536637,2300.190286219616
forward,cranelift,16384,0,slope,1712.6704683017322,1705.9262724968548,1719.1773888402067
forward,vector_selection,16384,0,slope,2035.8366386987964,2032.1865464525315,2039.8549075959002
forward,aot,16384,50,slope,9548.847232827859,9508.221785963613,9598.869473384504
forward,arrow,16384,50,slope,21344.388424813864,21257.59686002779,21470.404453611052
forward,cranelift,16384,50,slope,9663.85488557751,9647.934091031382,9679.108834944223
forward,vector_selection,16384,50,slope,16562.31330324209,16542.846013755963,16583.348589201094
forward,aot,16384,100,slope,9909.30743797321,9889.825486991167,9930.019464130914
forward,arrow,16384,100,slope,19815.634406523004,19755.05113107771,19871.060804055807
forward,cranelift,16384,100,slope,9957.136872230782,9939.206150402546,9977.276650486863
forward,vector_selection,16384,100,slope,19740.985384973792,19702.17049431393,19777.823181092477
reverse,aot,64,0,slope,137.4986250406345,136.61654625763614,138.4462006925502
reverse,arrow,64,0,slope,682.3999070157372,680.1254911192677,684.6399419453251
reverse,cranelift,64,0,slope,135.6022927292783,134.61508044827187,136.62028352683245
reverse,vector_selection,64,0,slope,413.50602483356454,411.5475107013452,415.2525899370465
reverse,aot,64,50,slope,204.8691245059342,203.31785341183428,206.65843520699764
reverse,arrow,64,50,slope,702.2193286845378,700.0364014337553,704.4465863631841
reverse,cranelift,64,50,slope,201.90297524564116,201.01713935075267,202.74837316176024
reverse,vector_selection,64,50,slope,523.1987969159206,520.6428070866776,525.9519339739861
reverse,aot,64,100,slope,205.3991303830663,204.82420159697662,205.98716547926622
reverse,arrow,64,100,slope,608.7977684746348,601.9465857574003,618.027589295343
reverse,cranelift,64,100,slope,202.68615205790408,201.78613286270948,203.5552606325227
reverse,vector_selection,64,100,slope,516.2196699259638,513.5471968627946,519.0626912221385
reverse,aot,2048,0,slope,331.822431619321,330.78942628097724,332.93491383382246
reverse,arrow,2048,0,slope,855.4665039052069,852.7702129835825,858.2183786352654
reverse,cranelift,2048,0,slope,322.6718562733243,321.82329209489416,323.4960291696437
reverse,vector_selection,2048,0,slope,581.0700790736847,579.579778462541,582.6087855292787
reverse,aot,2048,50,slope,1305.762005091715,1299.8303509438838,1311.8248841977693
reverse,arrow,2048,50,slope,2774.2321001001083,2766.8168619113762,2782.410875290255
reverse,cranelift,2048,50,slope,1289.2898002176378,1285.4332275700795,1292.8801159424895
reverse,vector_selection,2048,50,slope,2363.515439493075,2356.1508008215665,2370.479233190218
reverse,aot,2048,100,slope,1447.1791932679798,1436.1099097609588,1458.6439234445356
reverse,arrow,2048,100,slope,2791.013188043662,2782.8672160853585,2799.226800803831
reverse,cranelift,2048,100,slope,1457.7208483717386,1447.1410789080837,1467.6568211991732
reverse,vector_selection,2048,100,slope,2631.405005619586,2625.068410440443,2637.5614572372324
reverse,aot,16384,0,slope,1870.1809342764966,1863.5992018355757,1877.9824276553106
reverse,arrow,16384,0,slope,2304.5525884903145,2300.0225559273244,2309.3105158562325
reverse,cranelift,16384,0,slope,1717.4461525001716,1709.3047828396382,1726.7004185422052
reverse,vector_selection,16384,0,slope,2063.234518321558,2049.35583160559,2078.622962291304
reverse,aot,16384,50,slope,9603.95155049221,9561.680774800538,9650.576037934581
reverse,arrow,16384,50,slope,21402.10290103732,21353.29348535617,21453.5958002205
reverse,cranelift,16384,50,slope,9824.08408386721,9798.911757134245,9851.872426687189
reverse,vector_selection,16384,50,slope,16699.278922539313,16668.0781601887,16735.133429556467
reverse,aot,16384,100,slope,10007.703538670608,9984.531032010535,10035.651029319839
reverse,arrow,16384,100,slope,19980.619213744903,19917.938774337574,20049.68453898713
reverse,cranelift,16384,100,slope,9921.51898750056,9911.492456605258,9933.16286117636
reverse,vector_selection,16384,100,slope,19855.569480489226,19820.778822350494,19888.691087894756
